Date,Open,High,Low,Close,Adj Close,Volume,Year,Price Change
2023-03-29,1966.1,1966.1,1966.1,1966.1,1966.1,21.0,2023,0.0
2023-03-28,1972.4,1972.4,1972.4,1972.4,1972.4,21.0,2023,0.0
2023-03-27,1957.2,1957.2,1952.4,1952.4,1952.4,877.0,2023,-4.7999999999999545
2023-03-24,1991.7,1995.4,1982.1,1982.1,1982.1,19.0,2023,-9.600000000000136
2023-03-23,1990.5,1994.6,1990.5,1993.8,1993.8,33.0,2023,3.2999999999999545
2023-03-22,1946.8,1974.0,1946.8,1946.8,1946.8,50.0,2023,0.0
2023-03-21,1973.8,1973.8,1938.0,1938.0,1938.0,47.0,2023,-35.799999999999955
2023-03-20,1988.3,2003.9,1968.9,1979.2,1979.2,389.0,2023,-9.099999999999907
2023-03-17,1946.0,1985.1,1946.0,1969.8,1969.8,82.0,2023,23.799999999999955
2023-03-16,1909.9,1931.7,1909.9,1919.0,1919.0,394.0,2023,9.099999999999907
2023-03-15,1903.9,1926.6,1898.5,1926.6,1926.6,564.0,2023,22.699999999999815
2023-03-14,1912.2,1912.2,1901.1,1906.2,1906.2,107.0,2023,-6.0
2023-03-13,1890.8,1913.1,1875.1,1911.7,1911.7,503.0,2023,20.90000000000009
2023-03-10,1852.3,1868.5,1852.0,1862.0,1862.0,248.0,2023,9.700000000000044
2023-03-09,1816.4,1829.3,1815.6,1829.3,1829.3,332.0,2023,12.899999999999864
2023-03-08,1811.6,1812.9,1811.5,1812.7,1812.7,75.0,2023,1.1000000000001364
2023-03-07,1840.9,1840.9,1813.9,1813.9,1813.9,450.0,2023,-27.0
2023-03-06,1853.3,1853.8,1844.2,1847.9,1847.9,5.0,2023,-5.399999999999864
2023-03-03,1837.3,1855.4,1837.3,1847.7,1847.7,61.0,2023,10.400000000000093
2023-03-02,1830.0,1836.3,1830.0,1833.5,1833.5,154.0,2023,3.5
2023-03-01,1827.1,1841.7,1827.1,1837.7,1837.7,211.0,2023,10.600000000000136
2023-02-28,1808.1,1830.0,1808.1,1828.9,1828.9,618.0,2023,20.800000000000185
2023-02-27,1811.6,1817.5,1808.9,1817.0,1817.0,829.0,2023,5.400000000000091
2023-02-24,1808.8,1808.8,1808.8,1808.8,1808.8,404.0,2023,0.0
2023-02-23,1826.4,1827.5,1818.0,1818.0,1818.0,291.0,2023,-8.400000000000091
2023-02-22,1835.7,1836.2,1825.1,1832.0,1832.0,278.0,2023,-3.7000000000000455
2023-02-21,1842.6,1843.0,1833.0,1833.0,1833.0,862.0,2023,-9.599999999999907
2023-02-17,1827.4,1842.2,1818.4,1840.4,1840.4,35.0,2023,13.0
2023-02-16,1838.6,1843.7,1827.2,1842.0,1842.0,222.0,2023,3.400000000000091
2023-02-15,1842.0,1842.0,1828.2,1834.2,1834.2,368.0,2023,-7.799999999999954
2023-02-14,1854.1,1862.0,1846.2,1854.0,1854.0,656.0,2023,-0.099999999999909
2023-02-13,1859.0,1861.0,1850.0,1851.9,1851.9,569.0,2023,-7.099999999999909
2023-02-10,1861.6,1863.5,1852.4,1862.8,1862.8,27.0,2023,1.2000000000000457
2023-02-09,1875.3,1884.6,1859.8,1866.2,1866.2,223.0,2023,-9.099999999999907
2023-02-08,1872.1,1880.4,1872.1,1877.4,1877.4,230.0,2023,5.300000000000182
2023-02-07,1870.0,1875.7,1868.0,1871.7,1871.7,297.0,2023,1.7000000000000457
2023-02-06,1865.6,1880.0,1863.4,1866.2,1866.2,424.0,2023,0.6000000000001364
2023-02-03,1912.4,1917.0,1861.5,1862.9,1862.9,992.0,2023,-49.5
2023-02-02,1952.3,1959.1,1911.3,1916.3,1916.3,748.0,2023,-36.0
2023-02-01,1927.2,1955.0,1922.0,1927.8,1927.8,2290.0,2023,0.599999999999909
2023-01-31,1923.0,1930.4,1900.6,1929.5,1929.5,1910.0,2023,6.5
2023-01-30,1928.3,1933.6,1920.3,1922.9,1922.9,27220.0,2023,-5.399999999999864
2023-01-27,1928.6,1928.6,1928.6,1928.6,1928.6,150902.0,2023,0.0
2023-01-26,1936.6,1937.1,1927.1,1929.1,1929.1,131.0,2023,-7.5
2023-01-25,1941.2,1941.2,1939.8,1941.2,1941.2,7.0,2023,0.0
2023-01-24,1931.8,1936.8,1931.8,1933.9,1933.9,201.0,2023,2.1000000000001364
2023-01-23,1926.5,1927.1,1915.0,1927.1,1927.1,218.0,2023,0.599999999999909
2023-01-20,1922.1,1928.5,1921.4,1926.4,1926.4,1346.0,2023,4.300000000000182
2023-01-19,1922.1,1931.8,1922.1,1922.1,1922.1,371.0,2023,0.0
2023-01-18,1911.1,1911.1,1903.1,1904.4,1904.4,1027.0,2023,-6.699999999999818
2023-01-17,1920.1,1920.1,1905.2,1907.2,1907.2,706.0,2023,-12.899999999999864
2023-01-16,1920.1,1920.1,1912.4,1912.4,1912.4,512.0,2023,-7.699999999999818
2023-01-13,1899.0,1920.9,1898.3,1918.4,1918.4,512.0,2023,19.40000000000009
2023-01-12,1877.2,1897.4,1877.2,1895.5,1895.5,59.0,2023,18.299999999999955
2023-01-11,1873.1,1877.8,1873.1,1874.6,1874.6,1236.0,2023,1.5
2023-01-10,1877.8,1878.1,1871.6,1871.6,1871.6,101.0,2023,-6.2000000000000455
2023-01-09,1867.0,1880.0,1867.0,1872.7,1872.7,62.0,2023,5.7000000000000455
2023-01-06,1838.4,1868.2,1835.3,1864.2,1864.2,26.0,2023,25.799999999999955
2023-01-05,1855.2,1855.2,1834.8,1834.8,1834.8,24.0,2023,-20.40000000000009
2023-01-04,1845.6,1859.1,1845.6,1852.8,1852.8,25.0,2023,7.2000000000000455
2023-01-03,1836.2,1839.7,1836.2,1839.7,1839.7,29.0,2023,3.5
2023-01-02,,,,,,,2023,
2022-12-30,1817.0,1822.3,1816.8,1819.7,1819.7,95.0,2022,2.700000000000045
2022-12-29,1805.8,1819.5,1805.8,1819.5,1819.5,277.0,2022,13.700000000000044
2022-12-28,1803.2,1807.9,1803.1,1807.9,1807.9,434.0,2022,4.7000000000000455
2022-12-27,1803.4,1826.3,1803.4,1814.8,1814.8,69.0,2022,11.399999999999864
2022-12-26,,,,,,,2022,
2022-12-23,1794.3,1802.8,1794.1,1795.9,1795.9,49.0,2022,1.6000000000001364
2022-12-22,1818.1,1818.1,1785.0,1787.0,1787.0,411.0,2022,-31.09999999999991
2022-12-21,1817.4,1821.4,1814.4,1815.9,1815.9,35.0,2022,-1.5
2022-12-20,1786.5,1821.4,1786.5,1815.9,1815.9,51.0,2022,29.40000000000009
2022-12-19,1791.6,1796.3,1785.6,1787.7,1787.7,79.0,2022,-3.899999999999864
2022-12-16,1777.9,1791.4,1777.9,1790.0,1790.0,206.0,2022,12.099999999999907
2022-12-15,1801.0,1801.0,1774.8,1777.2,1777.2,421.0,2022,-23.799999999999955
2022-12-14,1810.8,1812.8,1797.9,1807.5,1807.5,1074.0,2022,-3.2999999999999545
2022-12-13,1780.7,1819.8,1780.5,1813.9,1813.9,205.0,2022,33.200000000000045
2022-12-12,1787.3,1793.9,1777.7,1780.5,1780.5,85.0,2022,-6.7999999999999545
2022-12-09,1794.9,1804.3,1791.1,1798.1,1798.1,125.0,2022,3.199999999999818
2022-12-08,1782.0,1790.9,1782.0,1788.7,1788.7,713.0,2022,6.7000000000000455
2022-12-07,1769.3,1790.3,1769.3,1785.5,1785.5,422.0,2022,16.200000000000045
2022-12-06,1768.6,1779.4,1767.9,1769.3,1769.3,105.0,2022,0.7000000000000455
2022-12-05,1795.7,1808.0,1764.3,1767.4,1767.4,1713.0,2022,-28.299999999999955
2022-12-02,1802.0,1802.3,1779.4,1795.9,1795.9,1725.0,2022,-6.099999999999909
2022-12-01,1768.7,1803.7,1768.7,1801.1,1801.1,1053.0,2022,32.399999999999864
2022-11-30,1748.1,1769.4,1745.1,1746.0,1746.0,3339.0,2022,-2.099999999999909
2022-11-29,1739.5,1758.2,1737.9,1748.4,1748.4,19416.0,2022,8.900000000000091
2022-11-28,1741.3,1741.3,1740.1,1740.1,1740.1,132767.0,2022,-1.2000000000000457
2022-11-25,1753.0,1757.9,1749.2,1753.3,1753.3,216.0,2022,0.2999999999999545
2022-11-23,1736.5,1750.9,1736.5,1744.9,1744.9,39.0,2022,8.400000000000091
2022-11-22,1741.7,1741.7,1738.3,1738.3,1738.3,15.0,2022,-3.400000000000091
2022-11-21,1739.0,1744.9,1736.1,1737.4,1737.4,544.0,2022,-1.599999999999909
2022-11-18,1763.3,1763.3,1747.6,1751.9,1751.9,414.0,2022,-11.399999999999864
2022-11-17,1763.0,1763.0,1756.0,1760.8,1760.8,18.0,2022,-2.200000000000045
2022-11-16,1776.6,1778.9,1773.0,1773.0,1773.0,303.0,2022,-3.599999999999909
2022-11-15,1770.8,1773.8,1769.9,1773.8,1773.8,57.0,2022,3.0
2022-11-14,1762.0,1773.6,1761.6,1773.6,1773.6,358.0,2022,11.599999999999907
2022-11-11,1763.8,1766.0,1757.6,1766.0,1766.0,257.0,2022,2.200000000000045
2022-11-10,1708.2,1750.3,1708.2,1750.3,1750.3,325.0,2022,42.09999999999991
2022-11-09,1707.4,1720.2,1706.0,1710.1,1710.1,497.0,2022,2.699999999999818
2022-11-08,1703.2,1712.1,1703.2,1712.1,1712.1,23.0,2022,8.899999999999864
2022-11-07,1676.9,1677.9,1672.9,1676.5,1676.5,42.0,2022,-0.4000000000000909
2022-11-04,1630.2,1674.5,1629.0,1672.5,1672.5,159.0,2022,42.29999999999996
2022-11-03,1629.2,1629.2,1615.1,1627.3,1627.3,1427.0,2022,-1.900000000000091
2022-11-02,1650.8,1664.7,1634.0,1645.7,1645.7,612.0,2022,-5.099999999999909
2022-11-01,1630.8,1653.7,1630.8,1645.0,1645.0,985.0,2022,14.200000000000044
2022-10-31,1641.8,1641.8,1633.4,1635.9,1635.9,522.0,2022,-5.899999999999864
2022-10-28,1661.0,1661.0,1638.7,1639.6,1639.6,626.0,2022,-21.40000000000009
2022-10-27,1660.7,1660.7,1660.7,1660.7,1660.7,2298.0,2022,0.0
2022-10-26,1649.8,1667.0,1649.8,1664.0,1664.0,89.0,2022,14.200000000000044
2022-10-25,1648.2,1652.8,1637.3,1652.8,1652.8,880.0,2022,4.599999999999909
2022-10-24,1662.7,1662.7,1648.7,1648.7,1648.7,29.0,2022,-14.0
2022-10-21,1634.1,1653.9,1634.1,1651.0,1651.0,224.0,2022,16.90000000000009
2022-10-20,1622.8,1641.4,1622.8,1630.8,1630.8,477.0,2022,8.0
2022-10-19,1637.5,1637.5,1627.5,1627.5,1627.5,84.0,2022,-10.0
2022-10-18,1651.4,1655.2,1649.0,1649.0,1649.0,597.0,2022,-2.400000000000091
2022-10-17,1650.2,1657.0,1646.8,1657.0,1657.0,238.0,2022,6.7999999999999545
2022-10-14,1665.3,1667.0,1640.0,1641.7,1641.7,82.0,2022,-23.59999999999991
2022-10-13,1675.2,1675.3,1641.5,1670.0,1670.0,729.0,2022,-5.2000000000000455
2022-10-12,1668.0,1672.7,1668.0,1670.3,1670.3,149.0,2022,2.2999999999999545
2022-10-11,1661.8,1678.7,1661.0,1678.7,1678.7,167.0,2022,16.90000000000009
2022-10-10,1693.4,1693.4,1667.0,1667.3,1667.3,195.0,2022,-26.100000000000136
2022-10-07,1710.1,1710.1,1693.7,1700.5,1700.5,179.0,2022,-9.599999999999907
2022-10-06,1721.0,1723.3,1709.1,1711.7,1711.7,133.0,2022,-9.299999999999956
2022-10-05,1724.1,1726.6,1703.0,1711.4,1711.4,418.0,2022,-12.699999999999818
2022-10-04,1701.2,1728.0,1696.0,1721.1,1721.1,291.0,2022,19.899999999999864
2022-10-03,1667.2,1700.0,1661.9,1692.9,1692.9,410.0,2022,25.700000000000045
2022-09-30,1661.7,1672.7,1658.0,1662.4,1662.4,548.0,2022,0.7000000000000455
2022-09-29,1657.0,1662.6,1640.0,1658.5,1658.5,6028.0,2022,1.5
2022-09-28,1620.4,1660.4,1620.4,1660.4,1660.4,18311.0,2022,40.0
2022-09-27,1632.2,1636.6,1626.7,1626.7,1626.7,888.0,2022,-5.5
2022-09-26,1623.3,1623.3,1623.3,1623.3,1623.3,1205.0,2022,0.0
2022-09-23,1667.0,1667.0,1645.3,1645.3,1645.3,1224.0,2022,-21.700000000000045
2022-09-22,1668.3,1670.8,1668.3,1670.8,1670.8,973.0,2022,2.5
2022-09-21,1665.5,1680.1,1664.6,1664.6,1664.6,2337.0,2022,-0.900000000000091
2022-09-20,1659.7,1659.7,1659.7,1659.7,1659.7,2830.0,2022,0.0
2022-09-19,1661.8,1669.4,1658.5,1666.2,1666.2,580.0,2022,4.400000000000091
2022-09-16,1660.4,1674.9,1651.7,1671.7,1671.7,464.0,2022,11.299999999999956
2022-09-15,1685.5,1686.0,1662.3,1665.4,1665.4,1125.0,2022,-20.09999999999991
2022-09-14,1698.7,1701.8,1696.5,1696.5,1696.5,532.0,2022,-2.200000000000045
2022-09-13,1720.5,1720.5,1697.3,1705.0,1705.0,432.0,2022,-15.5
2022-09-12,1727.4,1728.1,1727.4,1728.1,1728.1,68.0,2022,0.6999999999998181
2022-09-09,1719.2,1720.0,1712.8,1716.2,1716.2,635.0,2022,-3.0
2022-09-08,1718.2,1718.2,1705.3,1708.0,1708.0,1193.0,2022,-10.200000000000044
2022-09-07,1694.8,1715.3,1694.7,1715.3,1715.3,651.0,2022,20.5
2022-09-06,1709.7,1717.4,1699.7,1700.4,1700.4,697.0,2022,-9.299999999999956
2022-09-05,,,,,,,2022,
2022-09-02,1703.4,1715.7,1703.1,1709.8,1709.8,182.0,2022,6.399999999999864
2022-09-01,1707.9,1707.9,1693.9,1696.6,1696.6,683.0,2022,-11.300000000000182
2022-08-31,1718.3,1720.9,1708.5,1712.8,1712.8,2133.0,2022,-5.5
2022-08-30,1736.4,1739.0,1720.7,1723.2,1723.2,385.0,2022,-13.200000000000044
2022-08-29,1732.4,1741.2,1732.1,1736.6,1736.6,950.0,2022,4.199999999999818
2022-08-26,1754.0,1755.0,1736.1,1736.1,1736.1,202.0,2022,-17.90000000000009
2022-08-25,1761.6,1761.8,1755.0,1757.7,1757.7,172.0,2022,-3.899999999999864
2022-08-24,1745.0,1751.8,1743.6,1747.8,1747.8,187.0,2022,2.7999999999999545
2022-08-23,1738.0,1748.9,1731.9,1746.8,1746.8,509.0,2022,8.799999999999955
2022-08-22,1740.5,1740.5,1726.5,1734.0,1734.0,347.0,2022,-6.5
2022-08-19,1753.7,1754.3,1747.5,1747.6,1747.6,49.0,2022,-6.100000000000136
2022-08-18,1762.9,1762.9,1753.4,1755.3,1755.3,321.0,2022,-7.600000000000136
2022-08-17,1769.7,1769.7,1760.0,1760.3,1760.3,23.0,2022,-9.400000000000093
2022-08-16,1777.4,1777.4,1771.4,1773.2,1773.2,308.0,2022,-4.2000000000000455
2022-08-15,1799.0,1799.0,1774.7,1781.4,1781.4,64.0,2022,-17.59999999999991
2022-08-12,1786.3,1800.4,1784.3,1798.6,1798.6,187.0,2022,12.299999999999956
2022-08-11,1794.3,1794.3,1785.7,1789.7,1789.7,1235.0,2022,-4.599999999999909
2022-08-10,1804.4,1804.9,1787.8,1795.6,1795.6,601.0,2022,-8.800000000000182
2022-08-09,1790.0,1796.1,1789.0,1794.0,1794.0,249.0,2022,4.0
2022-08-08,1771.8,1786.8,1771.8,1786.8,1786.8,127.0,2022,15.0
2022-08-05,1791.2,1791.4,1764.2,1772.9,1772.9,645.0,2022,-18.299999999999955
2022-08-04,1769.4,1792.1,1767.7,1788.5,1788.5,285.0,2022,19.09999999999991
2022-08-03,1756.7,1770.5,1753.0,1758.0,1758.0,399.0,2022,1.2999999999999543
2022-08-02,1772.1,1786.6,1759.4,1771.1,1771.1,1078.0,2022,-1.0
2022-08-01,1763.9,1772.5,1756.1,1769.0,1769.0,705.0,2022,5.099999999999909
2022-07-29,1754.0,1765.7,1750.0,1762.9,1762.9,3485.0,2022,8.900000000000091
2022-07-28,1732.3,1755.0,1732.0,1750.3,1750.3,37236.0,2022,18.0
2022-07-27,1719.1,1719.1,1719.1,1719.1,1719.1,144865.0,2022,0.0
2022-07-26,1718.0,1718.0,1717.7,1717.7,1717.7,1.0,2022,-0.2999999999999545
2022-07-25,1727.0,1732.0,1719.0,1719.0,1719.0,67.0,2022,-8.0
2022-07-22,1713.3,1735.0,1713.0,1727.1,1727.1,61.0,2022,13.799999999999956
2022-07-21,1687.0,1715.5,1679.8,1712.7,1712.7,183.0,2022,25.700000000000045
2022-07-20,1707.1,1708.5,1699.5,1699.5,1699.5,130.0,2022,-7.599999999999909
2022-07-19,1712.3,1714.4,1706.1,1710.0,1710.0,1684.0,2022,-2.2999999999999545
2022-07-18,1712.2,1712.4,1709.2,1709.2,1709.2,264.0,2022,-3.0
2022-07-15,1705.4,1709.7,1701.1,1702.4,1702.4,721.0,2022,-3.0
2022-07-14,1710.3,1710.5,1704.5,1704.5,1704.5,1289.0,2022,-5.7999999999999545
2022-07-13,1710.0,1734.2,1710.0,1734.2,1734.2,368.0,2022,24.200000000000045
2022-07-12,1734.2,1735.5,1723.3,1723.3,1723.3,451.0,2022,-10.900000000000093
2022-07-11,1732.5,1736.7,1730.0,1730.0,1730.0,75.0,2022,-2.5
2022-07-08,1738.1,1749.3,1732.1,1740.6,1740.6,370.0,2022,2.5
2022-07-07,1745.2,1745.2,1737.0,1737.9,1737.9,1869.0,2022,-7.299999999999954
2022-07-06,1762.5,1768.0,1734.0,1734.9,1734.9,1729.0,2022,-27.59999999999991
2022-07-05,1805.4,1805.4,1761.8,1761.8,1761.8,64.0,2022,-43.600000000000136
2022-07-04,,,,,,,2022,
2022-07-01,1795.5,1806.1,1791.6,1798.9,1798.9,77.0,2022,3.400000000000091
2022-06-30,1809.6,1817.3,1801.0,1804.1,1804.1,328.0,2022,-5.5
2022-06-29,1818.3,1830.3,1812.8,1813.7,1813.7,173.0,2022,-4.599999999999909
2022-06-28,1824.2,1826.0,1817.5,1817.5,1817.5,391.0,2022,-6.7000000000000455
2022-06-27,1830.5,1830.7,1819.9,1820.9,1820.9,77.0,2022,-9.599999999999907
2022-06-24,1820.5,1826.5,1815.8,1826.5,1826.5,61.0,2022,6.0
2022-06-23,1835.5,1841.2,1825.7,1825.7,1825.7,9.0,2022,-9.799999999999956
2022-06-22,1829.5,1842.7,1821.6,1834.3,1834.3,115.0,2022,4.7999999999999545
2022-06-21,1835.3,1838.6,1830.1,1834.6,1834.6,216.0,2022,-0.7000000000000455
2022-06-20,,,,,,,2022,
2022-06-17,1853.7,1853.7,1833.6,1835.6,1835.6,170.0,2022,-18.100000000000136
2022-06-16,1819.2,1850.6,1814.9,1845.7,1845.7,136.0,2022,26.5
2022-06-15,1814.1,1839.0,1810.8,1815.3,1815.3,108.0,2022,1.2000000000000457
2022-06-14,1825.0,1825.5,1805.3,1809.5,1809.5,536.0,2022,-15.5
2022-06-13,1873.8,1873.8,1818.7,1828.0,1828.0,127.0,2022,-45.79999999999996
2022-06-10,1842.7,1875.6,1823.9,1871.5,1871.5,1490.0,2022,28.799999999999955
2022-06-09,1846.1,1850.1,1837.9,1848.8,1848.8,159.0,2022,2.700000000000045
2022-06-08,1844.8,1855.0,1844.4,1851.9,1851.9,218.0,2022,7.100000000000136
2022-06-07,1836.9,1851.6,1835.0,1847.5,1847.5,1168.0,2022,10.599999999999907
2022-06-06,1849.0,1854.1,1839.2,1839.2,1839.2,142.0,2022,-9.799999999999956
2022-06-03,1867.6,1871.8,1845.4,1845.4,1845.4,53.0,2022,-22.199999999999815
2022-06-02,1845.4,1868.7,1842.1,1866.5,1866.5,551.0,2022,21.09999999999991
2022-06-01,1831.0,1847.9,1825.3,1843.3,1843.3,1623.0,2022,12.299999999999956
2022-05-31,1850.3,1862.1,1832.8,1842.7,1842.7,4073.0,2022,-7.599999999999909
2022-05-30,,,,,,,2022,
2022-05-27,1848.3,1860.7,1845.9,1851.3,1851.3,30091.0,2022,3.0
2022-05-26,1840.4,1847.4,1840.4,1847.4,1847.4,123355.0,2022,7.0
2022-05-25,1846.2,1846.2,1846.2,1846.2,1846.2,,2022,0.0
2022-05-24,1852.5,1867.0,1852.5,1865.1,1865.1,33.0,2022,12.599999999999907
2022-05-23,1846.3,1863.0,1845.8,1847.8,1847.8,216.0,2022,1.5
2022-05-20,1839.1,1841.8,1836.3,1841.8,1841.8,110.0,2022,2.700000000000045
2022-05-19,1810.9,1841.2,1810.7,1841.2,1841.2,138.0,2022,30.299999999999955
2022-05-18,1815.0,1819.7,1805.0,1815.9,1815.9,311.0,2022,0.900000000000091
2022-05-17,1824.9,1828.6,1816.7,1818.2,1818.2,121.0,2022,-6.7000000000000455
2022-05-16,1790.5,1813.5,1787.0,1813.5,1813.5,34.0,2022,23.0
2022-05-13,1825.0,1825.0,1807.4,1807.4,1807.4,335.0,2022,-17.59999999999991
2022-05-12,1849.8,1851.9,1822.2,1823.8,1823.8,153.0,2022,-26.0
2022-05-11,1841.5,1852.6,1841.0,1852.6,1852.6,892.0,2022,11.099999999999907
2022-05-10,1839.9,1839.9,1839.9,1839.9,1839.9,1540.0,2022,0.0
2022-05-09,1866.6,1867.5,1854.0,1857.1,1857.1,304.0,2022,-9.5
2022-05-06,1874.7,1890.3,1871.5,1881.2,1881.2,214.0,2022,6.5
2022-05-05,1897.0,1904.3,1874.0,1874.0,1874.0,80.0,2022,-23.0
2022-05-04,1867.0,1867.0,1867.0,1867.0,1867.0,1.0,2022,0.0
2022-05-03,1868.8,1868.8,1868.8,1868.8,1868.8,466.0,2022,0.0
2022-05-02,1896.7,1896.8,1853.0,1861.8,1861.8,385.0,2022,-34.90000000000009
2022-04-29,1902.7,1918.2,1902.4,1909.3,1909.3,132.0,2022,6.599999999999909
2022-04-28,1883.8,1893.0,1872.9,1888.7,1888.7,513.0,2022,4.900000000000091
2022-04-27,1897.8,1900.6,1882.2,1885.9,1885.9,1786.0,2022,-11.899999999999864
2022-04-26,1900.5,1909.1,1894.0,1901.4,1901.4,302.0,2022,0.900000000000091
2022-04-25,1925.0,1925.0,1889.3,1893.2,1893.2,748.0,2022,-31.799999999999955
2022-04-22,1949.6,1950.4,1930.2,1931.0,1931.0,178.0,2022,-18.59999999999991
2022-04-21,1942.5,1944.9,1942.5,1944.9,1944.9,4.0,2022,2.400000000000091
2022-04-20,1945.5,1953.6,1945.5,1952.3,1952.3,621.0,2022,6.7999999999999545
2022-04-19,1973.8,1978.3,1945.7,1955.7,1955.7,130.0,2022,-18.09999999999991
2022-04-18,1973.4,1997.1,1972.8,1982.9,1982.9,196.0,2022,9.5
2022-04-14,1977.2,1978.7,1963.0,1970.9,1970.9,101.0,2022,-6.2999999999999545
2022-04-13,1969.5,1981.0,1969.5,1981.0,1981.0,204.0,2022,11.5
2022-04-12,1952.5,1977.1,1950.6,1972.1,1972.1,246.0,2022,19.59999999999991
2022-04-11,1946.6,1968.4,1941.8,1944.3,1944.3,163.0,2022,-2.2999999999999545
2022-04-08,1928.8,1947.7,1928.8,1941.6,1941.6,153.0,2022,12.799999999999956
2022-04-07,1919.5,1934.8,1919.5,1933.8,1933.8,311.0,2022,14.299999999999956
2022-04-06,1916.7,1931.8,1916.7,1918.4,1918.4,138.0,2022,1.7000000000000457
2022-04-05,1927.1,1943.5,1918.4,1922.9,1922.9,412.0,2022,-4.199999999999818
2022-04-04,1921.2,1936.1,1915.6,1929.2,1929.2,371.0,2022,8.0
2022-04-01,1935.0,1938.0,1917.0,1919.1,1919.1,1016.0,2022,-15.900000000000093
2022-03-31,1933.5,1949.9,1919.1,1949.2,1949.2,3617.0,2022,15.700000000000044
2022-03-30,1918.4,1937.0,1914.5,1933.5,1933.5,17765.0,2022,15.099999999999907
2022-03-29,1893.5,1912.0,1893.5,1912.0,1912.0,128051.0,2022,18.5
2022-03-28,1932.6,1939.6,1932.6,1939.6,1939.6,7.0,2022,7.0
2022-03-25,1953.8,1953.8,1953.8,1953.8,1953.8,83.0,2022,0.0
2022-03-24,1963.6,1964.0,1961.6,1961.6,1961.6,8.0,2022,-2.0
2022-03-23,1936.6,1936.6,1936.6,1936.6,1936.6,204.0,2022,0.0
2022-03-22,1920.7,1920.7,1920.7,1920.7,1920.7,26.0,2022,0.0
2022-03-21,1925.4,1928.6,1925.0,1928.6,1928.6,5.0,2022,3.199999999999818
2022-03-18,1934.5,1939.3,1928.2,1928.2,1928.2,28.0,2022,-6.2999999999999545
2022-03-17,1933.9,1947.2,1933.9,1942.1,1942.1,39.0,2022,8.199999999999818
2022-03-16,1922.4,1922.4,1907.2,1908.0,1908.0,104.0,2022,-14.400000000000093
2022-03-15,1939.8,1939.9,1910.7,1928.5,1928.5,71.0,2022,-11.299999999999956
2022-03-14,1976.5,1977.7,1959.6,1959.6,1959.6,145.0,2022,-16.90000000000009
2022-03-11,1985.0,1996.0,1959.9,1982.7,1982.7,865.0,2022,-2.2999999999999545
2022-03-10,1978.1,2010.5,1978.1,1998.1,1998.1,670.0,2022,20.0
2022-03-09,2053.6,2063.0,1980.8,1985.9,1985.9,1022.0,2022,-67.69999999999982
2022-03-08,1999.4,2072.0,1998.0,2040.1,2040.1,1813.0,2022,40.69999999999982
2022-03-07,1989.0,2001.1,1963.0,1993.9,1993.9,2516.0,2022,4.900000000000091
2022-03-04,1937.0,1970.9,1935.6,1965.1,1965.1,47.0,2022,28.09999999999991
2022-03-03,1930.5,1940.3,1924.8,1934.4,1934.4,122.0,2022,3.900000000000091
2022-03-02,1945.6,1948.2,1919.8,1920.9,1920.9,109.0,2022,-24.699999999999815
2022-03-01,1908.3,1942.4,1903.8,1942.4,1942.4,547.0,2022,34.100000000000136
2022-02-28,1928.3,1928.4,1894.2,1899.4,1899.4,390.0,2022,-28.899999999999864
2022-02-25,1906.9,1920.0,1883.6,1886.5,1886.5,586.0,2022,-20.40000000000009
2022-02-24,1911.9,1972.5,1911.7,1925.1,1925.1,2706.0,2022,13.199999999999818
2022-02-23,1896.6,1910.6,1895.7,1909.2,1909.2,73.0,2022,12.600000000000136
2022-02-22,1908.1,1912.0,1890.8,1906.1,1906.1,173.0,2022,-2.0
2022-02-18,1899.4,1899.4,1890.7,1898.6,1898.6,51.0,2022,-0.8000000000001819
2022-02-17,1876.3,1900.7,1876.2,1900.7,1900.7,393.0,2022,24.40000000000009
2022-02-16,1858.7,1870.2,1856.3,1870.2,1870.2,34.0,2022,11.5
2022-02-15,1872.6,1879.7,1847.4,1854.8,1854.8,86.0,2022,-17.799999999999955
2022-02-14,1861.8,1870.6,1854.6,1868.0,1868.0,79.0,2022,6.2000000000000455
2022-02-11,1822.0,1864.8,1822.0,1840.8,1840.8,181.0,2022,18.799999999999955
2022-02-10,1833.3,1842.1,1820.8,1836.2,1836.2,365.0,2022,2.900000000000091
2022-02-09,1825.4,1835.2,1825.3,1835.2,1835.2,683.0,2022,9.799999999999956
2022-02-08,1818.9,1827.6,1815.0,1826.6,1826.6,108.0,2022,7.699999999999818
2022-02-07,1812.2,1821.3,1809.1,1820.6,1820.6,601.0,2022,8.399999999999864
2022-02-04,1806.0,1813.7,1792.5,1806.6,1806.6,571.0,2022,0.599999999999909
2022-02-03,1805.8,1808.1,1787.9,1803.0,1803.0,466.0,2022,-2.7999999999999545
2022-02-02,1797.8,1810.1,1795.1,1809.2,1809.2,1690.0,2022,11.400000000000093
2022-02-01,1797.2,1806.1,1797.1,1800.3,1800.3,223.0,2022,3.099999999999909
2022-01-31,1788.5,1798.5,1785.1,1795.0,1795.0,1735.0,2022,6.5
2022-01-28,1797.5,1798.4,1778.8,1784.9,1784.9,28521.0,2022,-12.599999999999907
2022-01-27,1793.3,1793.3,1793.3,1793.3,1793.3,196036.0,2022,0.0
2022-01-26,1829.9,1829.9,1829.9,1829.9,1829.9,55.0,2022,0.0
2022-01-25,1843.0,1852.7,1842.0,1852.7,1852.7,11.0,2022,9.700000000000044
2022-01-24,1837.9,1842.1,1837.9,1841.7,1841.7,8.0,2022,3.7999999999999545
2022-01-21,1838.0,1842.4,1828.9,1831.8,1831.8,19.0,2022,-6.2000000000000455
2022-01-20,1840.6,1843.0,1838.2,1842.5,1842.5,20.0,2022,1.900000000000091
2022-01-19,1817.4,1843.1,1817.4,1843.1,1843.1,4.0,2022,25.699999999999815
2022-01-18,1816.8,1820.1,1812.3,1812.3,1812.3,900.0,2022,-4.5
2022-01-14,1821.5,1822.0,1816.5,1816.5,1816.5,816.0,2022,-5.0
2022-01-13,1819.8,1823.0,1815.4,1821.2,1821.2,40.0,2022,1.400000000000091
2022-01-12,1819.0,1827.2,1816.9,1827.2,1827.2,1547.0,2022,8.200000000000045
2022-01-11,1803.9,1822.5,1803.0,1818.6,1818.6,743.0,2022,14.699999999999818
2022-01-10,1794.9,1798.7,1790.4,1798.4,1798.4,534.0,2022,3.5
2022-01-07,1791.8,1797.0,1784.4,1797.0,1797.0,17.0,2022,5.2000000000000455
2022-01-06,1787.1,1791.3,1787.1,1788.7,1788.7,30.0,2022,1.6000000000001364
2022-01-05,1813.1,1824.6,1813.1,1824.6,1824.6,8.0,2022,11.5
2022-01-04,1800.5,1815.3,1800.0,1814.0,1814.0,38.0,2022,13.5
2022-01-03,1830.1,1830.1,1798.8,1799.4,1799.4,116.0,2022,-30.699999999999815
2021-12-31,1825.1,1827.8,1821.4,1827.5,1827.5,80.0,2021,2.400000000000091
2021-12-30,1801.7,1816.0,1796.0,1812.7,1812.7,306.0,2021,11.0
2021-12-29,1803.2,1805.1,1791.4,1805.1,1805.1,623.0,2021,1.899999999999864
2021-12-28,1812.0,1818.0,1805.5,1810.2,1810.2,146.0,2021,-1.7999999999999543
2021-12-27,1810.0,1812.1,1807.0,1808.1,1808.1,150.0,2021,-1.900000000000091
2021-12-23,1806.0,1811.2,1800.8,1811.2,1811.2,193.0,2021,5.2000000000000455
2021-12-22,1786.0,1805.2,1785.5,1801.6,1801.6,567.0,2021,15.599999999999907
2021-12-21,1791.4,1796.5,1787.9,1787.9,1787.9,575.0,2021,-3.5
2021-12-20,1796.8,1799.8,1792.0,1793.7,1793.7,226.0,2021,-3.099999999999909
2021-12-17,1804.0,1812.9,1803.8,1803.8,1803.8,654.0,2021,-0.2000000000000454
2021-12-16,1781.0,1798.1,1781.0,1796.6,1796.6,21.0,2021,15.599999999999907
2021-12-15,1767.4,1778.7,1753.9,1762.6,1762.6,283.0,2021,-4.800000000000182
2021-12-14,1787.0,1787.0,1769.0,1770.4,1770.4,322.0,2021,-16.59999999999991
2021-12-13,1784.4,1787.1,1783.8,1786.3,1786.3,206.0,2021,1.899999999999864
2021-12-10,1773.8,1785.4,1769.1,1782.9,1782.9,545.0,2021,9.100000000000136
2021-12-09,1783.5,1783.5,1771.8,1774.6,1774.6,455.0,2021,-8.900000000000091
2021-12-08,1789.9,1789.9,1779.0,1783.4,1783.4,1383.0,2021,-6.5
2021-12-07,1779.5,1786.1,1772.3,1782.6,1782.6,308.0,2021,3.099999999999909
2021-12-06,1780.2,1783.0,1777.2,1777.5,1777.5,381.0,2021,-2.700000000000045
2021-12-03,1767.5,1785.1,1766.5,1782.0,1782.0,694.0,2021,14.5
2021-12-02,1780.9,1780.9,1760.6,1760.7,1760.7,1557.0,2021,-20.200000000000045
2021-12-01,1774.8,1790.5,1772.3,1781.6,1781.6,1128.0,2021,6.7999999999999545
2021-11-30,1783.9,1808.1,1768.7,1773.6,1773.6,4903.0,2021,-10.300000000000182
2021-11-29,1791.7,1798.9,1779.1,1782.3,1782.3,26926.0,2021,-9.400000000000093
2021-11-26,1791.1,1791.4,1785.3,1785.3,1785.3,186800.0,2021,-5.7999999999999545
2021-11-25,1791.1,1791.4,1791.1,1791.4,1791.4,188.0,2021,0.3000000000001819
2021-11-24,1793.0,1793.0,1781.4,1784.1,1784.1,188.0,2021,-8.900000000000091
2021-11-23,1795.5,1795.5,1783.5,1783.5,1783.5,264.0,2021,-12.0
2021-11-22,1841.6,1841.6,1805.7,1806.0,1806.0,14.0,2021,-35.59999999999991
2021-11-19,1851.2,1851.2,1851.2,1851.2,1851.2,21.0,2021,0.0
2021-11-18,1861.0,1861.0,1861.0,1861.0,1861.0,9.0,2021,0.0
2021-11-17,1862.6,1869.7,1862.6,1869.7,1869.7,2.0,2021,7.100000000000136
2021-11-16,1853.6,1853.6,1853.6,1853.6,1853.6,1.0,2021,0.0
2021-11-15,1864.5,1866.9,1864.5,1866.1,1866.1,87.0,2021,1.599999999999909
2021-11-12,1860.8,1867.9,1847.6,1867.9,1867.9,210.0,2021,7.100000000000136
2021-11-11,1853.9,1866.5,1853.9,1863.2,1863.2,292.0,2021,9.299999999999956
2021-11-10,1825.8,1865.0,1824.9,1847.6,1847.6,795.0,2021,21.799999999999955
2021-11-09,1826.1,1832.7,1820.7,1830.2,1830.2,170.0,2021,4.100000000000136
2021-11-08,1817.0,1827.4,1816.9,1827.4,1827.4,261.0,2021,10.400000000000093
2021-11-05,1794.9,1817.1,1794.9,1816.4,1816.4,239.0,2021,21.5
2021-11-04,1776.6,1798.2,1776.2,1793.0,1793.0,103.0,2021,16.40000000000009
2021-11-03,1768.0,1768.0,1761.8,1763.6,1763.6,108.0,2021,-4.400000000000091
2021-11-02,1790.5,1795.5,1787.7,1788.7,1788.7,213.0,2021,-1.7999999999999543
2021-11-01,1787.5,1795.1,1786.7,1795.1,1795.1,142.0,2021,7.599999999999909
2021-10-29,1793.1,1797.0,1774.6,1783.0,1783.0,583.0,2021,-10.099999999999907
2021-10-28,1795.5,1807.3,1795.5,1801.6,1801.6,452.0,2021,6.099999999999909
2021-10-27,1791.5,1798.1,1791.5,1797.9,1797.9,543.0,2021,6.400000000000091
2021-10-26,1808.8,1808.8,1788.6,1792.7,1792.7,359.0,2021,-16.09999999999991
2021-10-25,1794.3,1809.0,1794.0,1806.0,1806.0,140.0,2021,11.700000000000044
2021-10-22,1787.1,1806.9,1784.0,1795.5,1795.5,532.0,2021,8.400000000000091
2021-10-21,1782.0,1785.7,1781.0,1781.2,1781.2,146.0,2021,-0.7999999999999545
2021-10-20,1774.6,1785.6,1774.0,1784.1,1784.1,127.0,2021,9.5
2021-10-19,1777.6,1785.0,1767.5,1769.7,1769.7,51.0,2021,-7.899999999999864
2021-10-18,1761.6,1770.1,1759.5,1764.8,1764.8,266.0,2021,3.200000000000045
2021-10-15,1794.5,1795.4,1766.6,1767.2,1767.2,874.0,2021,-27.299999999999955
2021-10-14,1792.2,1799.9,1792.0,1796.7,1796.7,337.0,2021,4.5
2021-10-13,1760.8,1794.5,1760.8,1793.7,1793.7,150.0,2021,32.90000000000009
2021-10-12,1751.9,1768.0,1749.8,1758.3,1758.3,139.0,2021,6.399999999999864
2021-10-11,1756.6,1757.8,1752.2,1754.6,1754.6,128.0,2021,-2.0
2021-10-08,1757.0,1780.0,1754.2,1756.3,1756.3,254.0,2021,-0.7000000000000455
2021-10-07,1762.4,1762.4,1752.8,1757.9,1757.9,336.0,2021,-4.5
2021-10-06,1759.3,1762.9,1744.7,1760.5,1760.5,56.0,2021,1.2000000000000457
2021-10-05,1764.3,1764.3,1749.0,1759.6,1759.6,98.0,2021,-4.7000000000000455
2021-10-04,1764.5,1768.9,1749.5,1766.2,1766.2,417.0,2021,1.7000000000000457
2021-10-01,1754.3,1762.6,1748.5,1757.0,1757.0,2220.0,2021,2.700000000000045
2021-09-30,1725.5,1760.3,1724.5,1755.3,1755.3,997.0,2021,29.799999999999955
2021-09-29,1732.4,1744.1,1721.4,1721.5,1721.5,6634.0,2021,-10.900000000000093
2021-09-28,1739.6,1741.7,1726.8,1735.8,1735.8,15748.0,2021,-3.7999999999999545
2021-09-27,1751.7,1754.4,1747.5,1750.0,1750.0,808.0,2021,-1.7000000000000457
2021-09-24,1749.7,1749.7,1745.0,1749.7,1749.7,76.0,2021,0.0
2021-09-23,1766.8,1766.8,1738.2,1747.7,1747.7,31.0,2021,-19.09999999999991
2021-09-22,1776.7,1784.3,1767.0,1776.7,1776.7,17.0,2021,0.0
2021-09-21,1762.2,1776.0,1759.0,1776.0,1776.0,106.0,2021,13.799999999999956
2021-09-20,1751.8,1761.8,1750.9,1761.8,1761.8,185.0,2021,10.0
2021-09-17,1758.8,1763.0,1749.4,1749.4,1749.4,581.0,2021,-9.399999999999864
2021-09-16,1792.9,1792.9,1743.9,1754.6,1754.6,1645.0,2021,-38.30000000000018
2021-09-15,1803.7,1803.7,1792.4,1792.4,1792.4,59.0,2021,-11.299999999999956
2021-09-14,1791.4,1806.2,1783.0,1804.7,1804.7,764.0,2021,13.299999999999956
2021-09-13,1789.8,1796.0,1784.0,1792.0,1792.0,533.0,2021,2.200000000000045
2021-09-10,1789.6,1789.6,1789.6,1789.6,1789.6,,2021,0.0
2021-09-09,1798.7,1798.7,1787.9,1797.4,1797.4,49.0,2021,-1.2999999999999543
2021-09-08,1781.7,1790.7,1781.7,1790.7,1790.7,69.0,2021,9.0
2021-09-07,1825.7,1825.7,1792.7,1795.9,1795.9,48.0,2021,-29.799999999999955
2021-09-03,1820.9,1833.9,1818.9,1830.9,1830.9,53.0,2021,10.0
2021-09-02,1813.2,1813.9,1806.8,1808.7,1808.7,26.0,2021,-4.5
2021-09-01,1813.5,1815.9,1809.5,1813.1,1813.1,114.0,2021,-0.4000000000000909
2021-08-31,1815.9,1815.9,1801.1,1815.0,1815.0,82.0,2021,-0.900000000000091
2021-08-30,1818.2,1820.3,1807.8,1809.0,1809.0,684.0,2021,-9.200000000000044
2021-08-27,1803.4,1816.6,1803.1,1816.6,1816.6,1219.0,2021,13.199999999999818
2021-08-26,1787.4,1792.2,1781.0,1792.2,1792.2,61.0,2021,4.7999999999999545
2021-08-25,1792.0,1792.9,1784.0,1788.2,1788.2,812.0,2021,-3.7999999999999545
2021-08-24,1801.0,1805.6,1801.0,1805.6,1805.6,22.0,2021,4.599999999999909
2021-08-23,1776.8,1804.8,1776.8,1803.2,1803.2,32.0,2021,26.40000000000009
2021-08-20,1784.1,1787.5,1778.2,1781.0,1781.0,235.0,2021,-3.099999999999909
2021-08-19,1780.0,1789.3,1775.5,1780.2,1780.2,245.0,2021,0.2000000000000454
2021-08-18,1787.8,1791.5,1779.0,1781.6,1781.6,263.0,2021,-6.2000000000000455
2021-08-17,1787.7,1794.2,1780.0,1785.0,1785.0,200.0,2021,-2.700000000000045
2021-08-16,1776.9,1787.8,1771.9,1786.9,1786.9,219.0,2021,10.0
2021-08-13,1758.3,1777.3,1757.4,1775.2,1775.2,436.0,2021,16.90000000000009
2021-08-12,1749.7,1752.4,1745.5,1749.0,1749.0,739.0,2021,-0.7000000000000455
2021-08-11,1727.3,1752.2,1727.3,1750.4,1750.4,542.0,2021,23.100000000000136
2021-08-10,1728.6,1735.2,1720.1,1728.8,1728.8,1363.0,2021,0.2000000000000454
2021-08-09,1753.5,1753.8,1692.6,1723.4,1723.4,1621.0,2021,-30.09999999999991
2021-08-06,1799.8,1800.1,1758.4,1760.0,1760.0,859.0,2021,-39.79999999999996
2021-08-05,1810.8,1813.7,1796.0,1805.1,1805.1,588.0,2021,-5.7000000000000455
2021-08-04,1809.3,1831.3,1806.3,1810.5,1810.5,2860.0,2021,1.2000000000000457
2021-08-03,1812.3,1813.5,1806.0,1810.1,1810.1,3341.0,2021,-2.200000000000045
2021-08-02,1812.4,1818.7,1804.8,1818.1,1818.1,1334.0,2021,5.699999999999818
2021-07-30,1828.0,1830.5,1808.9,1812.6,1812.6,3100.0,2021,-15.400000000000093
2021-07-29,1806.6,1832.6,1806.1,1831.2,1831.2,30496.0,2021,24.600000000000136
2021-07-28,1799.5,1799.5,1799.5,1799.5,1799.5,209783.0,2021,0.0
2021-07-27,1803.7,1803.7,1799.5,1799.5,1799.5,1.0,2021,-4.2000000000000455
2021-07-26,1802.5,1802.5,1797.2,1798.7,1798.7,17.0,2021,-3.7999999999999545
2021-07-23,1800.0,1801.4,1800.0,1801.4,1801.4,1.0,2021,1.400000000000091
2021-07-22,1793.6,1805.0,1793.6,1805.0,1805.0,2.0,2021,11.400000000000093
2021-07-21,1807.0,1807.0,1800.0,1802.9,1802.9,135.0,2021,-4.099999999999909
2021-07-20,1812.9,1824.0,1810.9,1810.9,1810.9,128.0,2021,-2.0
2021-07-19,1803.3,1813.4,1803.3,1808.7,1808.7,33.0,2021,5.400000000000091
2021-07-16,1830.1,1831.4,1814.5,1814.5,1814.5,78.0,2021,-15.599999999999907
2021-07-15,1831.6,1833.0,1823.4,1828.4,1828.4,99.0,2021,-3.199999999999818
2021-07-14,1813.1,1829.0,1813.1,1824.3,1824.3,707.0,2021,11.200000000000044
2021-07-13,1808.1,1812.0,1800.6,1809.4,1809.4,78.0,2021,1.300000000000182
2021-07-12,1802.6,1805.5,1799.5,1805.5,1805.5,147.0,2021,2.900000000000091
2021-07-09,1803.6,1810.1,1798.8,1810.0,1810.0,218.0,2021,6.400000000000091
2021-07-08,1797.0,1818.5,1797.0,1799.6,1799.6,148.0,2021,2.599999999999909
2021-07-07,1798.7,1808.4,1797.2,1801.5,1801.5,244.0,2021,2.7999999999999545
2021-07-06,1786.7,1809.8,1786.7,1793.5,1793.5,332.0,2021,6.7999999999999545
2021-07-02,1778.7,1787.9,1778.3,1782.6,1782.6,23.0,2021,3.899999999999864
2021-07-01,1775.7,1781.2,1768.8,1775.9,1775.9,44.0,2021,0.2000000000000454
2021-06-30,1761.1,1770.8,1759.2,1770.8,1770.8,51.0,2021,9.700000000000044
2021-06-29,1776.8,1777.1,1752.1,1762.8,1762.8,419.0,2021,-14.0
2021-06-28,1779.6,1779.6,1779.6,1779.6,1779.6,888.0,2021,0.0
2021-06-25,1777.7,1788.0,1775.2,1776.6,1776.6,35.0,2021,-1.1000000000001364
2021-06-24,1778.9,1786.4,1775.6,1775.6,1775.6,78.0,2021,-3.300000000000182
2021-06-23,1780.7,1793.2,1780.6,1782.3,1782.3,136.0,2021,1.599999999999909
2021-06-22,1783.4,1786.9,1775.9,1776.3,1776.3,101.0,2021,-7.100000000000136
2021-06-21,1768.8,1785.2,1766.8,1781.8,1781.8,38.0,2021,13.0
2021-06-18,1775.7,1792.4,1767.9,1767.9,1767.9,354.0,2021,-7.799999999999954
2021-06-17,1811.8,1823.3,1769.6,1773.8,1773.8,1135.0,2021,-38.0
2021-06-16,1859.4,1860.1,1809.2,1859.5,1859.5,117.0,2021,0.099999999999909
2021-06-15,1866.4,1867.2,1854.4,1854.5,1854.5,78.0,2021,-11.900000000000093
2021-06-14,1866.2,1866.6,1846.5,1864.0,1864.0,41.0,2021,-2.200000000000045
2021-06-11,1900.9,1902.3,1875.2,1877.4,1877.4,349.0,2021,-23.5
2021-06-10,1887.7,1899.8,1871.5,1894.2,1894.2,186.0,2021,6.5
2021-06-09,1894.9,1897.7,1889.2,1893.2,1893.2,148.0,2021,-1.7000000000000457
2021-06-08,1896.5,1902.9,1890.0,1892.2,1892.2,930.0,2021,-4.2999999999999545
2021-06-07,1890.5,1899.7,1883.2,1896.8,1896.8,87.0,2021,6.2999999999999545
2021-06-04,1869.3,1895.5,1854.0,1889.8,1889.8,367.0,2021,20.5
2021-06-03,1908.8,1908.8,1865.0,1871.2,1871.2,1021.0,2021,-37.59999999999991
2021-06-02,1899.2,1908.8,1896.0,1907.5,1907.5,1267.0,2021,8.299999999999955
2021-06-01,1905.1,1916.2,1892.8,1902.9,1902.9,640.0,2021,-2.199999999999818
2021-05-28,1897.5,1905.4,1881.9,1902.5,1902.5,2415.0,2021,5.0
2021-05-27,1896.8,1903.9,1888.2,1895.7,1895.7,35794.0,2021,-1.099999999999909
2021-05-26,1901.3,1901.3,1901.3,1901.3,1901.3,170526.0,2021,0.0
2021-05-25,1882.5,1898.1,1882.5,1898.1,1898.1,56.0,2021,15.599999999999907
2021-05-24,1882.1,1884.6,1882.1,1884.6,1884.6,39.0,2021,2.5
2021-05-21,1872.1,1876.7,1872.1,1876.7,1876.7,5.0,2021,4.600000000000136
2021-05-20,1865.5,1885.0,1864.8,1881.8,1881.8,85.0,2021,16.299999999999955
2021-05-19,1866.4,1884.9,1863.6,1881.3,1881.3,348.0,2021,14.899999999999864
2021-05-18,1870.5,1870.5,1867.8,1867.8,1867.8,3.0,2021,-2.700000000000045
2021-05-17,1849.9,1867.5,1847.2,1867.5,1867.5,13.0,2021,17.59999999999991
2021-05-14,1824.5,1842.9,1824.5,1837.9,1837.9,41.0,2021,13.400000000000093
2021-05-13,1814.7,1826.8,1814.1,1823.8,1823.8,100.0,2021,9.099999999999907
2021-05-12,1825.2,1825.2,1821.7,1822.6,1822.6,3.0,2021,-2.6000000000001364
2021-05-11,1837.2,1838.1,1831.6,1835.9,1835.9,420.0,2021,-1.2999999999999543
2021-05-10,1835.6,1845.6,1835.4,1837.5,1837.5,13.0,2021,1.900000000000091
2021-05-07,1842.9,1842.9,1831.1,1831.1,1831.1,2.0,2021,-11.800000000000182
2021-05-06,1788.9,1815.5,1787.6,1815.5,1815.5,13.0,2021,26.59999999999991
2021-05-05,1781.5,1784.1,1779.2,1784.1,1784.1,57.0,2021,2.599999999999909
2021-05-04,1788.2,1788.5,1774.8,1775.8,1775.8,182.0,2021,-12.400000000000093
2021-05-03,1788.5,1793.0,1788.5,1791.4,1791.4,18.0,2021,2.900000000000091
2021-04-30,1771.8,1771.8,1763.9,1767.3,1767.3,18.0,2021,-4.5
2021-04-29,1781.0,1789.0,1758.6,1768.1,1768.1,196.0,2021,-12.900000000000093
2021-04-28,1768.2,1774.0,1764.6,1773.2,1773.2,756.0,2021,5.0
2021-04-27,1780.0,1782.0,1777.7,1778.0,1778.0,117.0,2021,-2.0
2021-04-26,1778.0,1779.7,1770.8,1779.2,1779.2,549.0,2021,1.2000000000000457
2021-04-23,1786.1,1794.5,1772.0,1777.0,1777.0,332.0,2021,-9.099999999999907
2021-04-22,1794.2,1794.2,1779.5,1781.2,1781.2,159.0,2021,-13.0
2021-04-21,1783.0,1794.1,1777.7,1792.3,1792.3,250.0,2021,9.299999999999956
2021-04-20,1769.3,1777.3,1765.5,1777.3,1777.3,1464.0,2021,8.0
2021-04-19,1782.1,1788.5,1769.4,1769.4,1769.4,144.0,2021,-12.699999999999818
2021-04-16,1770.4,1779.5,1770.1,1779.0,1779.0,625.0,2021,8.599999999999909
2021-04-15,1740.1,1767.9,1740.1,1765.4,1765.4,368.0,2021,25.300000000000185
2021-04-14,1741.3,1745.9,1732.7,1734.9,1734.9,1037.0,2021,-6.399999999999864
2021-04-13,1733.8,1746.9,1722.1,1746.2,1746.2,367.0,2021,12.400000000000093
2021-04-12,1740.8,1740.8,1726.7,1731.2,1731.2,40.0,2021,-9.599999999999907
2021-04-09,1750.8,1750.8,1733.3,1743.3,1743.3,484.0,2021,-7.5
2021-04-08,1736.0,1758.0,1734.6,1756.8,1756.8,1298.0,2021,20.799999999999955
2021-04-07,1742.7,1742.7,1733.7,1740.1,1740.1,557.0,2021,-2.6000000000001364
2021-04-06,1726.9,1744.8,1726.9,1741.5,1741.5,890.0,2021,14.599999999999907
2021-04-05,1727.9,1729.7,1721.9,1727.0,1727.0,275.0,2021,-0.900000000000091
2021-04-01,1706.8,1728.8,1706.4,1726.5,1726.5,720.0,2021,19.700000000000045
2021-03-31,1683.7,1713.8,1676.5,1713.8,1713.8,762.0,2021,30.09999999999991
2021-03-30,1711.0,1712.6,1676.5,1683.9,1683.9,25316.0,2021,-27.09999999999991
2021-03-29,1712.1,1712.1,1712.1,1712.1,1712.1,135457.0,2021,0.0
2021-03-26,1721.3,1732.2,1721.3,1732.2,1732.2,33.0,2021,10.900000000000093
2021-03-25,1732.7,1733.2,1724.5,1724.9,1724.9,15.0,2021,-7.799999999999954
2021-03-24,1727.5,1732.9,1727.5,1732.9,1732.9,26.0,2021,5.400000000000091
2021-03-23,1724.7,1724.7,1724.7,1724.7,1724.7,6.0,2021,0.0
2021-03-22,1737.8,1737.8,1737.8,1737.8,1737.8,51.0,2021,0.0
2021-03-19,1742.2,1742.2,1733.6,1741.4,1741.4,13.0,2021,-0.7999999999999545
2021-03-18,1745.8,1750.3,1721.8,1732.2,1732.2,138.0,2021,-13.599999999999907
2021-03-17,1735.3,1750.1,1725.6,1726.8,1726.8,488.0,2021,-8.5
2021-03-16,1732.3,1733.9,1726.0,1730.6,1730.6,729.0,2021,-1.7000000000000457
2021-03-15,1729.5,1731.9,1722.8,1728.9,1728.9,147.0,2021,-0.599999999999909
2021-03-12,1715.9,1722.5,1699.0,1719.5,1719.5,80.0,2021,3.599999999999909
2021-03-11,1725.6,1737.5,1720.2,1722.3,1722.3,18.0,2021,-3.2999999999999545
2021-03-10,1713.6,1722.9,1711.0,1721.5,1721.5,412.0,2021,7.900000000000091
2021-03-09,1686.2,1717.5,1685.2,1716.6,1716.6,335.0,2021,30.399999999999864
2021-03-08,1704.7,1705.4,1673.7,1677.7,1677.7,1290.0,2021,-27.0
2021-03-05,1690.6,1701.0,1685.0,1698.0,1698.0,302.0,2021,7.400000000000091
2021-03-04,1706.5,1717.4,1700.2,1700.2,1700.2,521.0,2021,-6.2999999999999545
2021-03-03,1730.0,1732.4,1703.5,1715.3,1715.3,501.0,2021,-14.700000000000044
2021-03-02,1709.4,1733.1,1708.7,1733.1,1733.1,867.0,2021,23.699999999999815
2021-03-01,1737.1,1747.0,1720.3,1722.5,1722.5,407.0,2021,-14.599999999999907
2021-02-26,1768.1,1768.2,1718.8,1728.1,1728.1,1593.0,2021,-40.0
2021-02-25,1801.5,1802.0,1766.7,1774.4,1774.4,1049.0,2021,-27.09999999999991
2021-02-24,1805.8,1805.8,1796.4,1796.4,1796.4,1500.0,2021,-9.399999999999864
2021-02-23,1809.6,1811.3,1796.4,1804.4,1804.4,569.0,2021,-5.199999999999818
2021-02-22,1784.0,1807.8,1784.0,1806.7,1806.7,165.0,2021,22.700000000000045
2021-02-19,1764.3,1787.6,1764.3,1775.8,1775.8,118.0,2021,11.5
2021-02-18,1776.1,1784.6,1766.0,1773.4,1773.4,587.0,2021,-2.699999999999818
2021-02-17,1785.8,1789.7,1768.8,1771.1,1771.1,614.0,2021,-14.700000000000044
2021-02-16,1820.9,1823.4,1787.3,1797.2,1797.2,1141.0,2021,-23.700000000000045
2021-02-12,1825.0,1827.5,1809.2,1821.6,1821.6,259.0,2021,-3.400000000000091
2021-02-11,1840.5,1845.0,1820.9,1824.9,1824.9,602.0,2021,-15.599999999999907
2021-02-10,1842.6,1851.1,1837.0,1840.6,1840.6,543.0,2021,-2.0
2021-02-09,1841.9,1843.3,1830.7,1835.3,1835.3,184.0,2021,-6.600000000000136
2021-02-08,1816.3,1836.7,1809.0,1831.9,1831.9,254.0,2021,15.600000000000136
2021-02-05,1794.3,1813.5,1790.9,1810.9,1810.9,1278.0,2021,16.600000000000136
2021-02-04,1832.2,1832.2,1782.8,1788.9,1788.9,2375.0,2021,-43.29999999999996
2021-02-03,1834.8,1842.4,1829.8,1832.2,1832.2,1195.0,2021,-2.599999999999909
2021-02-02,1859.6,1861.3,1827.6,1830.5,1830.5,1293.0,2021,-29.09999999999991
2021-02-01,1866.6,1871.9,1850.0,1860.8,1860.8,1494.0,2021,-5.7999999999999545
2021-01-29,1842.0,1876.0,1838.7,1847.3,1847.3,1634.0,2021,5.2999999999999545
2021-01-28,1843.4,1862.9,1831.5,1837.9,1837.9,27283.0,2021,-5.5
2021-01-27,1844.9,1844.9,1844.9,1844.9,1844.9,195540.0,2021,0.0
2021-01-26,1855.8,1855.8,1850.7,1850.7,1850.7,59.0,2021,-5.099999999999909
2021-01-25,1864.7,1864.7,1851.8,1854.9,1854.9,26.0,2021,-9.799999999999956
2021-01-22,1854.9,1855.7,1852.7,1855.7,1855.7,8.0,2021,0.7999999999999545
2021-01-21,1865.3,1868.0,1865.3,1865.3,1865.3,6.0,2021,0.0
2021-01-20,1847.8,1866.6,1844.4,1865.9,1865.9,16.0,2021,18.100000000000136
2021-01-19,1802.0,1842.9,1802.0,1839.5,1839.5,13.0,2021,37.5
2021-01-15,1829.4,1829.4,1825.0,1829.3,1829.3,31.0,2021,-0.1000000000001364
2021-01-14,1836.7,1850.7,1836.7,1850.3,1850.3,149.0,2021,13.599999999999907
2021-01-13,1858.0,1858.6,1853.6,1853.6,1853.6,189.0,2021,-4.400000000000091
2021-01-12,1849.0,1859.7,1839.4,1842.9,1842.9,176.0,2021,-6.099999999999909
2021-01-11,1826.5,1849.6,1826.5,1849.6,1849.6,20.0,2021,23.09999999999991
2021-01-08,1908.0,1908.0,1834.1,1834.1,1834.1,60.0,2021,-73.90000000000009
2021-01-07,1922.6,1926.7,1912.0,1912.3,1912.3,122.0,2021,-10.299999999999956
2021-01-06,1952.0,1959.9,1901.5,1906.9,1906.9,331.0,2021,-45.09999999999991
2021-01-05,1941.7,1952.7,1941.3,1952.7,1952.7,113.0,2021,11.0
2021-01-04,1912.2,1945.1,1912.2,1944.7,1944.7,154.0,2021,32.5
2020-12-31,1897.0,1901.3,1892.7,1893.1,1893.1,127.0,2020,-3.900000000000091
2020-12-30,1879.9,1895.8,1877.3,1891.0,1891.0,444.0,2020,11.099999999999907
2020-12-29,1881.3,1881.3,1879.7,1879.7,1879.7,343.0,2020,-1.599999999999909
2020-12-28,1895.5,1895.8,1873.7,1877.2,1877.2,75.0,2020,-18.299999999999955
2020-12-24,1877.3,1879.9,1875.7,1879.9,1879.9,46.0,2020,2.6000000000001364
2020-12-23,1867.0,1878.8,1864.5,1874.7,1874.7,82.0,2020,7.700000000000045
2020-12-22,1882.2,1882.2,1861.0,1866.6,1866.6,233.0,2020,-15.600000000000136
2020-12-21,1884.8,1908.0,1869.1,1879.2,1879.2,136.0,2020,-5.599999999999909
2020-12-18,1882.4,1889.5,1882.3,1885.7,1885.7,276.0,2020,3.2999999999999545
2020-12-17,1874.2,1896.2,1874.2,1887.2,1887.2,414.0,2020,13.0
2020-12-16,1856.5,1864.7,1850.5,1856.1,1856.1,1090.0,2020,-0.4000000000000909
2020-12-15,1833.5,1853.6,1833.2,1852.3,1852.3,961.0,2020,18.799999999999955
2020-12-14,1835.5,1835.7,1822.7,1828.7,1828.7,258.0,2020,-6.7999999999999545
2020-12-11,1838.5,1846.0,1829.1,1839.8,1839.8,109.0,2020,1.2999999999999543
2020-12-10,1833.2,1849.1,1828.0,1833.6,1833.6,177.0,2020,0.3999999999998636
2020-12-09,1867.1,1867.1,1827.0,1834.6,1834.6,215.0,2020,-32.5
2020-12-08,1863.0,1875.8,1861.8,1870.8,1870.8,121.0,2020,7.799999999999954
2020-12-07,1836.5,1866.9,1820.8,1861.8,1861.8,1427.0,2020,25.299999999999955
2020-12-04,1840.7,1847.6,1828.2,1835.9,1835.9,1213.0,2020,-4.7999999999999545
2020-12-03,1829.2,1842.0,1825.3,1836.8,1836.8,1765.0,2020,7.599999999999909
2020-12-02,1811.3,1830.0,1807.8,1825.7,1825.7,771.0,2020,14.400000000000093
2020-12-01,1775.0,1815.9,1774.9,1814.1,1814.1,1859.0,2020,39.09999999999991
2020-11-30,1785.0,1787.2,1762.3,1775.7,1775.7,3145.0,2020,-9.299999999999956
2020-11-27,1806.1,1817.0,1770.7,1781.9,1781.9,71804.0,2020,-24.199999999999815
2020-11-25,1801.4,1805.7,1801.4,1805.7,1805.7,205754.0,2020,4.2999999999999545
2020-11-24,1829.3,1829.3,1799.3,1804.8,1804.8,1041.0,2020,-24.5
2020-11-23,1834.8,1837.8,1829.2,1837.8,1837.8,843.0,2020,3.0
2020-11-20,1871.2,1872.6,1871.2,1872.6,1872.6,1900.0,2020,1.3999999999998636
2020-11-19,1865.8,1865.8,1856.0,1861.1,1861.1,59.0,2020,-4.7000000000000455
2020-11-18,1873.5,1873.5,1873.5,1873.5,1873.5,152.0,2020,0.0
2020-11-17,1888.4,1888.4,1884.5,1884.5,1884.5,59.0,2020,-3.900000000000091
2020-11-16,1874.6,1887.3,1871.0,1887.3,1887.3,6.0,2020,12.700000000000044
2020-11-13,1877.0,1890.1,1876.8,1885.7,1885.7,240.0,2020,8.700000000000045
2020-11-12,1869.0,1878.5,1866.6,1872.6,1872.6,220.0,2020,3.599999999999909
2020-11-11,1878.8,1878.8,1855.5,1860.7,1860.7,222.0,2020,-18.09999999999991
2020-11-10,1879.3,1885.3,1871.2,1875.4,1875.4,276.0,2020,-3.899999999999864
2020-11-09,1955.6,1963.2,1847.1,1853.2,1853.2,745.0,2020,-102.39999999999986
2020-11-06,1940.8,1958.8,1940.8,1950.3,1950.3,304.0,2020,9.5
2020-11-05,1901.7,1948.0,1901.7,1945.3,1945.3,135.0,2020,43.59999999999991
2020-11-04,1893.8,1907.0,1885.3,1894.6,1894.6,782.0,2020,0.7999999999999545
2020-11-03,1891.5,1908.5,1891.5,1908.5,1908.5,712.0,2020,17.0
2020-11-02,1872.9,1894.7,1872.9,1890.4,1890.4,190.0,2020,17.5
2020-10-30,1862.8,1886.6,1862.8,1877.4,1877.4,725.0,2020,14.600000000000136
2020-10-29,1876.1,1879.8,1858.8,1865.6,1865.6,240.0,2020,-10.5
2020-10-28,1870.9,1876.2,1870.9,1876.2,1876.2,277.0,2020,5.2999999999999545
2020-10-27,1904.6,1908.8,1904.4,1908.8,1908.8,176.0,2020,4.2000000000000455
2020-10-26,1895.5,1907.0,1893.5,1902.7,1902.7,242.0,2020,7.2000000000000455
2020-10-23,1899.9,1913.3,1896.2,1902.0,1902.0,287.0,2020,2.099999999999909
2020-10-22,1924.3,1924.3,1898.2,1901.1,1901.1,899.0,2020,-23.200000000000045
2020-10-21,1913.6,1927.3,1913.6,1924.6,1924.6,1202.0,2020,11.0
2020-10-20,1901.3,1910.4,1896.1,1910.4,1910.4,329.0,2020,9.100000000000136
2020-10-19,1907.3,1907.8,1899.5,1906.4,1906.4,43.0,2020,-0.8999999999998636
2020-10-16,1898.5,1900.8,1898.5,1900.8,1900.8,53.0,2020,2.2999999999999545
2020-10-15,1897.3,1906.3,1889.6,1903.2,1903.2,254.0,2020,5.900000000000091
2020-10-14,1889.7,1910.8,1882.5,1901.3,1901.3,33.0,2020,11.599999999999907
2020-10-13,1921.9,1922.2,1887.0,1888.5,1888.5,191.0,2020,-33.40000000000009
2020-10-12,1924.0,1926.5,1921.6,1922.5,1922.5,96.0,2020,-1.5
2020-10-09,1909.3,1929.1,1905.1,1919.5,1919.5,580.0,2020,10.200000000000044
2020-10-08,1893.0,1893.0,1882.7,1888.6,1888.6,348.0,2020,-4.400000000000091
2020-10-07,1874.1,1889.8,1873.1,1883.6,1883.6,50.0,2020,9.5
2020-10-06,1906.6,1918.0,1874.4,1901.1,1901.1,968.0,2020,-5.5
2020-10-05,1898.9,1915.6,1884.7,1912.5,1912.5,1360.0,2020,13.599999999999907
2020-10-02,1893.9,1913.0,1893.9,1900.2,1900.2,530.0,2020,6.2999999999999545
2020-10-01,1884.1,1909.6,1882.5,1908.4,1908.4,730.0,2020,24.300000000000185
2020-09-30,1893.0,1899.7,1879.8,1887.5,1887.5,600.0,2020,-5.5
2020-09-29,1876.5,1895.4,1872.4,1894.3,1894.3,3283.0,2020,17.799999999999955
2020-09-28,1872.8,1872.8,1872.8,1872.8,1872.8,10455.0,2020,0.0
2020-09-25,1856.3,1857.7,1856.3,1857.7,1857.7,4.0,2020,1.400000000000091
2020-09-24,1851.5,1868.3,1851.5,1868.3,1868.3,365.0,2020,16.799999999999955
2020-09-23,1875.5,1875.5,1859.9,1859.9,1859.9,5.0,2020,-15.599999999999907
2020-09-22,1913.1,1913.1,1898.6,1898.6,1898.6,331.0,2020,-14.5
2020-09-21,1946.2,1946.2,1883.4,1901.2,1901.2,52.0,2020,-45.0
2020-09-18,1950.5,1952.1,1949.0,1952.1,1952.1,38.0,2020,1.599999999999909
2020-09-17,1939.0,1946.0,1933.7,1940.0,1940.0,67.0,2020,1.0
2020-09-16,1961.3,1961.4,1956.7,1960.2,1960.2,124.0,2020,-1.099999999999909
2020-09-15,1955.8,1968.5,1955.8,1956.3,1956.3,74.0,2020,0.5
2020-09-14,1946.3,1953.1,1943.0,1953.1,1953.1,55.0,2020,6.7999999999999545
2020-09-11,1944.0,1949.5,1937.8,1937.8,1937.8,73.0,2020,-6.2000000000000455
2020-09-10,1944.1,1962.7,1944.1,1954.2,1954.2,722.0,2020,10.100000000000136
2020-09-09,1926.9,1946.2,1924.6,1944.7,1944.7,219.0,2020,17.799999999999955
2020-09-08,1930.9,1937.9,1903.1,1933.0,1933.0,271.0,2020,2.099999999999909
2020-09-04,1927.9,1939.7,1917.7,1923.9,1923.9,607.0,2020,-4.0
2020-09-03,1937.1,1938.8,1923.0,1927.6,1927.6,179.0,2020,-9.5
2020-09-02,1967.3,1967.3,1934.4,1934.4,1934.4,71.0,2020,-32.899999999999864
2020-09-01,1961.7,1986.3,1961.7,1968.2,1968.2,186.0,2020,6.5
2020-08-31,1970.0,1971.3,1953.3,1967.6,1967.6,158.0,2020,-2.400000000000091
2020-08-28,1927.1,1971.3,1922.5,1964.6,1964.6,778.0,2020,37.5
2020-08-27,1948.9,1972.5,1921.6,1921.6,1921.6,2303.0,2020,-27.300000000000185
2020-08-26,1909.7,1950.8,1909.7,1940.7,1940.7,287.0,2020,31.0
2020-08-25,1927.5,1928.5,1911.8,1911.8,1911.8,176.0,2020,-15.700000000000044
2020-08-24,1930.2,1940.0,1922.2,1927.7,1927.7,85.0,2020,-2.5
2020-08-21,1941.0,1945.0,1908.9,1934.6,1934.6,184.0,2020,-6.400000000000091
2020-08-20,1941.2,1948.3,1922.3,1933.8,1933.8,106.0,2020,-7.400000000000091
2020-08-19,1980.0,1980.0,1938.7,1958.7,1958.7,347.0,2020,-21.299999999999955
2020-08-18,2001.1,2002.8,1972.1,1999.4,1999.4,92.0,2020,-1.699999999999818
2020-08-17,1949.6,1985.0,1949.6,1985.0,1985.0,97.0,2020,35.40000000000009
2020-08-14,1938.7,1947.4,1937.0,1937.0,1937.0,201.0,2020,-1.7000000000000457
2020-08-13,1921.5,1957.4,1916.9,1956.7,1956.7,71.0,2020,35.200000000000045
2020-08-12,1923.0,1946.6,1871.6,1934.9,1934.9,404.0,2020,11.900000000000093
2020-08-11,2012.4,2016.0,1904.0,1932.6,1932.6,971.0,2020,-79.80000000000018
2020-08-10,2026.4,2043.8,2017.5,2024.4,2024.4,233.0,2020,-2.0
2020-08-07,2040.1,2055.0,2009.6,2010.1,2010.1,808.0,2020,-30.0
2020-08-06,2045.5,2063.0,2040.0,2051.5,2051.5,294.0,2020,6.0
2020-08-05,2024.0,2050.2,2011.0,2031.1,2031.1,1422.0,2020,7.099999999999909
2020-08-04,1971.0,2016.2,1968.8,2001.2,2001.2,2010.0,2020,30.200000000000045
2020-08-03,1984.3,1984.3,1955.5,1966.0,1966.0,683.0,2020,-18.299999999999955
2020-07-31,1948.6,1981.1,1948.0,1962.8,1962.8,2914.0,2020,14.200000000000044
2020-07-30,1963.4,1965.1,1930.0,1942.3,1942.3,28853.0,2020,-21.100000000000136
2020-07-29,1953.2,1953.5,1952.6,1953.5,1953.5,209835.0,2020,0.2999999999999545
2020-07-28,1931.5,1944.7,1928.6,1944.7,1944.7,825.0,2020,13.200000000000044
2020-07-27,1901.7,1938.0,1901.5,1931.0,1931.0,364.0,2020,29.299999999999955
2020-07-24,1884.3,1897.3,1884.3,1897.3,1897.3,474.0,2020,13.0
2020-07-23,1868.7,1890.3,1868.5,1889.1,1889.1,133.0,2020,20.399999999999864
2020-07-22,1858.1,1867.0,1854.7,1864.1,1864.1,213.0,2020,6.0
2020-07-21,1822.0,1842.4,1822.0,1842.4,1842.4,117.0,2020,20.40000000000009
2020-07-20,1807.0,1817.3,1807.0,1815.9,1815.9,89.0,2020,8.900000000000091
2020-07-17,1798.5,1810.1,1798.5,1808.3,1808.3,24.0,2020,9.799999999999956
2020-07-16,1810.9,1810.9,1794.3,1798.7,1798.7,146.0,2020,-12.200000000000044
2020-07-15,1806.1,1813.5,1806.1,1811.4,1811.4,167.0,2020,5.300000000000182
2020-07-14,1791.0,1811.5,1791.0,1810.6,1810.6,339.0,2020,19.59999999999991
2020-07-13,1805.0,1811.0,1805.0,1811.0,1811.0,164.0,2020,6.0
2020-07-10,1805.5,1805.5,1797.7,1798.2,1798.2,236.0,2020,-7.299999999999954
2020-07-09,1816.1,1819.8,1799.2,1799.2,1799.2,396.0,2020,-16.899999999999864
2020-07-08,1801.5,1817.9,1801.5,1815.5,1815.5,209.0,2020,14.0
2020-07-07,1789.3,1804.2,1783.3,1804.2,1804.2,751.0,2020,14.900000000000093
2020-07-06,1788.2,1790.1,1788.2,1788.5,1788.5,172.0,2020,0.2999999999999545
2020-07-02,1773.4,1784.0,1768.7,1784.0,1784.0,215.0,2020,10.599999999999907
2020-07-01,1793.6,1798.0,1765.8,1773.2,1773.2,331.0,2020,-20.399999999999864
2020-06-30,1777.3,1793.2,1774.4,1793.0,1793.0,986.0,2020,15.700000000000044
2020-06-29,1779.8,1780.2,1774.3,1774.8,1774.8,584.0,2020,-5.0
2020-06-26,1766.0,1772.5,1764.7,1772.5,1772.5,640.0,2020,6.5
2020-06-25,1761.7,1764.8,1759.8,1762.1,1762.1,207.0,2020,0.3999999999998636
2020-06-24,1778.3,1783.1,1764.5,1765.8,1765.8,961.0,2020,-12.5
2020-06-23,1755.4,1776.3,1754.2,1772.1,1772.1,666.0,2020,16.699999999999818
2020-06-22,1755.2,1767.6,1750.5,1756.7,1756.7,1356.0,2020,1.5
2020-06-19,1723.7,1750.7,1723.5,1745.9,1745.9,1329.0,2020,22.200000000000045
2020-06-18,1730.5,1734.1,1717.3,1724.8,1724.8,110.0,2020,-5.7000000000000455
2020-06-17,1714.7,1729.2,1714.7,1729.2,1729.2,51.0,2020,14.5
2020-06-16,1726.3,1729.6,1722.4,1729.6,1729.6,22.0,2020,3.2999999999999545
2020-06-15,1730.0,1730.0,1703.3,1720.3,1720.3,188.0,2020,-9.700000000000044
2020-06-12,1724.9,1743.0,1724.9,1729.3,1729.3,318.0,2020,4.399999999999864
2020-06-11,1737.2,1744.1,1720.0,1732.0,1732.0,347.0,2020,-5.2000000000000455
2020-06-10,1716.1,1740.8,1711.9,1713.3,1713.3,718.0,2020,-2.7999999999999545
2020-06-09,1694.6,1720.9,1692.0,1714.7,1714.7,690.0,2020,20.100000000000136
2020-06-08,1679.1,1699.4,1675.9,1698.3,1698.3,587.0,2020,19.200000000000045
2020-06-05,1711.8,1711.8,1668.6,1676.2,1676.2,1502.0,2020,-35.59999999999991
2020-06-04,1694.5,1718.9,1694.5,1718.9,1718.9,807.0,2020,24.40000000000009
2020-06-03,1726.3,1726.3,1684.5,1697.8,1697.8,2755.0,2020,-28.5
2020-06-02,1743.0,1745.5,1721.8,1725.2,1725.2,741.0,2020,-17.799999999999955
2020-06-01,1740.4,1747.0,1727.1,1737.8,1737.8,871.0,2020,-2.6000000000001364
2020-05-29,1718.8,1738.3,1715.1,1736.9,1736.9,1526.0,2020,18.100000000000136
2020-05-28,1709.3,1727.8,1705.0,1713.3,1713.3,23355.0,2020,4.0
2020-05-27,1685.6,1710.3,1685.6,1710.3,1710.3,137416.0,2020,24.700000000000045
2020-05-26,1726.4,1726.4,1704.8,1704.8,1704.8,39.0,2020,-21.600000000000136
2020-05-22,1726.6,1734.6,1726.6,1734.6,1734.6,6.0,2020,8.0
2020-05-21,1746.8,1746.8,1720.5,1720.5,1720.5,528.0,2020,-26.299999999999955
2020-05-20,1751.6,1752.1,1745.6,1750.6,1750.6,16.0,2020,-1.0
2020-05-19,1744.2,1749.5,1744.2,1744.2,1744.2,167.0,2020,0.0
2020-05-18,1755.7,1770.5,1731.8,1731.8,1731.8,229.0,2020,-23.90000000000009
2020-05-15,1739.7,1753.4,1739.7,1753.4,1753.4,719.0,2020,13.700000000000044
2020-05-14,1724.3,1743.1,1720.5,1738.1,1738.1,672.0,2020,13.799999999999956
2020-05-13,1702.0,1721.3,1701.9,1713.9,1713.9,431.0,2020,11.900000000000093
2020-05-12,1699.3,1713.1,1699.3,1704.4,1704.4,324.0,2020,5.100000000000136
2020-05-11,1702.3,1704.5,1690.2,1695.3,1695.3,749.0,2020,-7.0
2020-05-08,1726.2,1728.9,1703.8,1709.9,1709.9,330.0,2020,-16.299999999999955
2020-05-07,1686.2,1721.8,1685.6,1721.8,1721.8,853.0,2020,35.59999999999991
2020-05-06,1704.0,1704.0,1684.2,1684.2,1684.2,469.0,2020,-19.799999999999955
2020-05-05,1701.5,1704.4,1697.2,1704.4,1704.4,82.0,2020,2.900000000000091
2020-05-04,1702.6,1709.0,1699.6,1706.9,1706.9,320.0,2020,4.300000000000182
2020-05-01,1686.6,1701.5,1670.5,1694.5,1694.5,337.0,2020,7.900000000000091
2020-04-30,1719.3,1719.3,1680.8,1684.2,1684.2,327.0,2020,-35.09999999999991
2020-04-29,1710.0,1713.5,1702.0,1703.4,1703.4,373.0,2020,-6.599999999999909
2020-04-28,1716.6,1716.6,1707.1,1710.5,1710.5,1255.0,2020,-6.099999999999909
2020-04-27,1731.9,1731.9,1711.9,1711.9,1711.9,169.0,2020,-20.0
2020-04-24,1744.0,1744.0,1714.5,1723.5,1723.5,221.0,2020,-20.5
2020-04-23,1734.0,1745.1,1733.3,1733.3,1733.3,482.0,2020,-0.7000000000000455
2020-04-22,1696.0,1728.7,1684.8,1728.7,1728.7,453.0,2020,32.700000000000045
2020-04-21,1697.0,1707.1,1659.9,1678.2,1678.2,666.0,2020,-18.799999999999955
2020-04-20,1686.0,1701.6,1680.0,1701.6,1701.6,106.0,2020,15.599999999999907
2020-04-17,1715.7,1725.0,1684.9,1689.2,1689.2,223.0,2020,-26.5
2020-04-16,1731.0,1750.6,1715.0,1720.4,1720.4,162.0,2020,-10.599999999999907
2020-04-15,1739.4,1744.9,1722.7,1727.2,1727.2,642.0,2020,-12.200000000000044
2020-04-14,1756.8,1775.0,1739.5,1756.7,1756.7,675.0,2020,-0.099999999999909
2020-04-13,1722.0,1756.8,1710.7,1744.8,1744.8,696.0,2020,22.799999999999955
2020-04-09,1662.7,1736.2,1662.7,1736.2,1736.2,825.0,2020,73.5
2020-04-08,1669.7,1677.0,1662.5,1665.4,1665.4,747.0,2020,-4.2999999999999545
2020-04-07,1695.7,1724.4,1658.0,1664.8,1664.8,1144.0,2020,-30.90000000000009
2020-04-06,1629.1,1696.7,1625.9,1677.0,1677.0,1063.0,2020,47.90000000000009
2020-04-03,1624.5,1636.0,1619.8,1633.7,1633.7,643.0,2020,9.200000000000044
2020-04-02,1590.9,1631.2,1586.0,1625.7,1625.7,1294.0,2020,34.799999999999955
2020-04-01,1570.0,1600.0,1570.0,1578.2,1578.2,2158.0,2020,8.200000000000045
2020-03-31,1618.7,1621.0,1576.0,1583.4,1583.4,2874.0,2020,-35.299999999999955
2020-03-30,1641.2,1652.8,1607.2,1622.0,1622.0,16389.0,2020,-19.200000000000045
2020-03-27,1623.9,1623.9,1623.9,1623.9,1623.9,100638.0,2020,0.0
2020-03-26,1660.5,1660.5,1650.1,1650.1,1650.1,3.0,2020,-10.400000000000093
2020-03-25,1676.5,1676.5,1631.1,1632.3,1632.3,476.0,2020,-44.200000000000045
2020-03-24,1592.7,1685.5,1592.7,1660.2,1660.2,442.0,2020,67.5
2020-03-23,1505.3,1567.0,1490.2,1567.0,1567.0,51.0,2020,61.700000000000045
2020-03-20,1483.5,1484.0,1483.5,1484.0,1484.0,14.0,2020,0.5
2020-03-19,1481.5,1491.6,1471.0,1478.6,1478.6,262.0,2020,-2.900000000000091
2020-03-18,1537.5,1542.0,1477.3,1477.3,1477.3,333.0,2020,-60.200000000000045
2020-03-17,1469.3,1537.7,1469.3,1524.9,1524.9,122.0,2020,55.600000000000136
2020-03-16,1569.1,1569.1,1452.1,1485.9,1485.9,193.0,2020,-83.19999999999982
2020-03-13,1574.9,1589.8,1513.8,1515.7,1515.7,89.0,2020,-59.200000000000045
2020-03-12,1637.0,1647.5,1566.4,1589.3,1589.3,256.0,2020,-47.700000000000045
2020-03-11,1656.6,1666.5,1635.0,1641.4,1641.4,47.0,2020,-15.199999999999818
2020-03-10,1671.6,1674.6,1643.0,1659.1,1659.1,48.0,2020,-12.5
2020-03-09,1696.1,1701.6,1657.7,1674.5,1674.5,161.0,2020,-21.59999999999991
2020-03-06,1670.8,1686.2,1647.2,1670.8,1670.8,175.0,2020,0.0
2020-03-05,1637.3,1672.9,1637.2,1666.4,1666.4,154.0,2020,29.100000000000136
2020-03-04,1645.4,1645.9,1631.3,1641.1,1641.1,83.0,2020,-4.300000000000182
2020-03-03,1594.5,1645.3,1594.0,1642.1,1642.1,610.0,2020,47.59999999999991
2020-03-02,1583.9,1608.3,1574.3,1592.3,1592.3,537.0,2020,8.399999999999864
2020-02-28,1640.3,1642.5,1564.1,1564.1,1564.1,289.0,2020,-76.20000000000005
2020-02-27,1641.1,1658.0,1638.5,1640.0,1640.0,707.0,2020,-1.099999999999909
2020-02-26,1644.0,1648.1,1636.4,1640.0,1640.0,1990.0,2020,-4.0
2020-02-25,1645.1,1653.7,1632.3,1646.9,1646.9,409.0,2020,1.800000000000182
2020-02-24,1657.0,1686.6,1650.0,1672.4,1672.4,435.0,2020,15.400000000000093
2020-02-21,1619.3,1645.0,1619.3,1644.6,1644.6,186.0,2020,25.299999999999955
2020-02-20,1606.5,1621.0,1603.0,1616.6,1616.6,117.0,2020,10.099999999999907
2020-02-19,1600.6,1610.5,1599.7,1607.5,1607.5,542.0,2020,6.900000000000091
2020-02-18,1579.8,1604.3,1579.8,1600.0,1600.0,310.0,2020,20.200000000000045
2020-02-14,1575.8,1582.7,1574.8,1582.7,1582.7,68.0,2020,6.900000000000091
2020-02-13,1570.2,1575.1,1570.2,1575.1,1575.1,74.0,2020,4.899999999999864
2020-02-12,1565.2,1568.7,1561.0,1567.4,1567.4,36.0,2020,2.200000000000045
2020-02-11,1570.9,1571.1,1561.9,1565.6,1565.6,440.0,2020,-5.300000000000182
2020-02-10,1569.3,1574.7,1568.6,1574.7,1574.7,128.0,2020,5.400000000000091
2020-02-07,1564.9,1571.9,1560.5,1568.6,1568.6,431.0,2020,3.699999999999818
2020-02-06,1553.6,1565.6,1551.6,1565.1,1565.1,110.0,2020,11.5
2020-02-05,1553.2,1560.7,1547.7,1557.8,1557.8,1305.0,2020,4.599999999999909
2020-02-04,1577.7,1577.7,1547.8,1550.4,1550.4,978.0,2020,-27.299999999999955
2020-02-03,1592.9,1593.3,1568.2,1577.2,1577.2,1062.0,2020,-15.700000000000044
2020-01-31,1573.4,1589.0,1570.0,1582.9,1582.9,1095.0,2020,9.5
2020-01-30,1576.8,1585.0,1571.4,1583.5,1583.5,62336.0,2020,6.7000000000000455
2020-01-29,1569.8,1569.8,1569.8,1569.8,1569.8,251274.0,2020,0.0
2020-01-28,1576.4,1576.4,1569.2,1569.2,1569.2,3.0,2020,-7.2000000000000455
2020-01-27,1584.3,1584.5,1576.8,1576.8,1576.8,22.0,2020,-7.5
2020-01-24,1556.3,1571.1,1556.3,1571.1,1571.1,43.0,2020,14.799999999999956
2020-01-23,1553.1,1564.6,1552.2,1564.6,1564.6,15.0,2020,11.5
2020-01-22,1549.8,1557.1,1549.8,1555.3,1555.3,42.0,2020,5.5
2020-01-21,1559.3,1566.2,1551.0,1556.4,1556.4,45.0,2020,-2.899999999999864
2020-01-17,1554.1,1558.8,1553.6,1558.8,1558.8,108.0,2020,4.7000000000000455
2020-01-16,1555.7,1556.1,1548.5,1549.0,1549.0,98.0,2020,-6.7000000000000455
2020-01-15,1548.0,1553.9,1545.6,1552.1,1552.1,11.0,2020,4.099999999999909
2020-01-14,1546.7,1546.7,1534.9,1542.4,1542.4,32.0,2020,-4.2999999999999545
2020-01-13,1557.4,1558.0,1548.4,1548.4,1548.4,48.0,2020,-9.0
2020-01-10,1551.2,1558.8,1545.4,1557.5,1557.5,16.0,2020,6.2999999999999545
2020-01-09,1555.7,1555.7,1543.3,1551.7,1551.7,54.0,2020,-4.0
2020-01-08,1579.7,1604.2,1552.3,1557.4,1557.4,236.0,2020,-22.299999999999955
2020-01-07,1558.3,1576.3,1558.3,1571.8,1571.8,47.0,2020,13.5
2020-01-06,1580.0,1580.0,1560.4,1566.2,1566.2,416.0,2020,-13.799999999999956
2020-01-03,1530.1,1552.7,1530.1,1549.2,1549.2,107.0,2020,19.100000000000136
2020-01-02,1518.1,1528.7,1518.0,1524.5,1524.5,214.0,2020,6.400000000000091
2019-12-31,1513.8,1523.4,1513.8,1519.5,1519.5,301.0,2019,5.7000000000000455
2019-12-30,1512.6,1515.1,1510.0,1514.5,1514.5,446.0,2019,1.900000000000091
2019-12-27,1513.8,1513.8,1513.8,1513.8,1513.8,839.0,2019,0.0
2019-12-26,1505.2,1512.3,1505.0,1509.3,1509.3,126.0,2019,4.099999999999909
2019-12-24,1488.7,1499.1,1488.7,1499.1,1499.1,52.0,2019,10.399999999999864
2019-12-23,1482.3,1482.5,1479.9,1482.5,1482.5,391.0,2019,0.2000000000000454
2019-12-20,1476.7,1478.1,1474.7,1474.7,1474.7,118.0,2019,-2.0
2019-12-19,1475.9,1478.9,1473.3,1478.2,1478.2,319.0,2019,2.2999999999999545
2019-12-18,1472.6,1472.6,1472.6,1472.6,1472.6,250.0,2019,0.0
2019-12-17,1474.1,1476.9,1474.0,1474.6,1474.6,410.0,2019,0.5
2019-12-16,1473.8,1475.3,1473.8,1475.0,1475.0,99.0,2019,1.2000000000000457
2019-12-13,1463.1,1475.9,1463.1,1475.6,1475.6,468.0,2019,12.5
2019-12-12,1475.1,1483.9,1463.7,1466.7,1466.7,955.0,2019,-8.399999999999864
2019-12-11,1463.1,1475.4,1463.1,1469.4,1469.4,393.0,2019,6.300000000000182
2019-12-10,1460.7,1467.2,1460.7,1462.6,1462.6,367.0,2019,1.899999999999864
2019-12-09,1458.8,1464.2,1458.6,1459.3,1459.3,1461.0,2019,0.5
2019-12-06,1475.0,1476.0,1458.2,1459.1,1459.1,899.0,2019,-15.900000000000093
2019-12-05,1474.7,1478.0,1472.3,1476.9,1476.9,907.0,2019,2.200000000000045
2019-12-04,1477.5,1483.4,1471.2,1474.0,1474.0,613.0,2019,-3.5
2019-12-03,1461.6,1480.4,1459.5,1478.2,1478.2,1460.0,2019,16.600000000000136
2019-12-02,1462.8,1464.4,1453.3,1462.3,1462.3,2172.0,2019,-0.5
2019-11-29,1453.6,1465.6,1452.1,1465.6,1465.6,7020.0,2019,12.0
2019-11-27,1461.1,1461.9,1452.0,1453.4,1453.4,88364.0,2019,-7.699999999999818
2019-11-26,1459.8,1459.8,1459.8,1459.8,1459.8,346362.0,2019,0.0
2019-11-25,1457.1,1457.1,1455.5,1456.6,1456.6,14.0,2019,-0.5
2019-11-22,1468.6,1468.6,1463.1,1463.1,1463.1,19.0,2019,-5.5
2019-11-21,1463.1,1463.1,1463.1,1463.1,1463.1,16.0,2019,0.0
2019-11-20,1472.6,1474.5,1467.3,1473.3,1473.3,31.0,2019,0.7000000000000455
2019-11-19,1467.7,1474.3,1467.7,1473.3,1473.3,18.0,2019,5.599999999999909
2019-11-18,1472.0,1472.0,1469.7,1470.9,1470.9,141.0,2019,-1.099999999999909
2019-11-15,1469.1,1469.1,1467.3,1467.3,1467.3,13.0,2019,-1.7999999999999543
2019-11-14,1463.8,1471.8,1463.7,1471.8,1471.8,83.0,2019,8.0
2019-11-13,1456.8,1463.3,1456.8,1461.7,1461.7,56.0,2019,4.900000000000091
2019-11-12,1454.9,1454.9,1447.1,1452.1,1452.1,6.0,2019,-2.800000000000182
2019-11-11,1461.0,1461.0,1449.3,1455.5,1455.5,22.0,2019,-5.5
2019-11-08,1469.1,1469.1,1461.3,1461.3,1461.3,21.0,2019,-7.799999999999954
2019-11-07,1489.1,1489.1,1464.2,1464.2,1464.2,581.0,2019,-24.899999999999864
2019-11-06,1483.2,1491.0,1483.2,1490.2,1490.2,567.0,2019,7.0
2019-11-05,1507.1,1507.1,1480.8,1480.8,1480.8,31.0,2019,-26.299999999999955
2019-11-04,1511.6,1511.6,1508.0,1508.0,1508.0,101.0,2019,-3.599999999999909
2019-11-01,1511.0,1511.6,1503.0,1508.0,1508.0,235.0,2019,-3.0
2019-10-31,1496.1,1513.1,1496.1,1511.4,1511.4,210.0,2019,15.300000000000182
2019-10-30,1487.2,1495.4,1481.0,1493.2,1493.2,320.0,2019,6.0
2019-10-29,1485.9,1487.0,1485.9,1487.0,1487.0,425.0,2019,1.099999999999909
2019-10-28,1504.1,1504.1,1490.0,1490.0,1490.0,37.0,2019,-14.099999999999907
2019-10-25,1501.4,1514.3,1499.0,1499.5,1499.5,93.0,2019,-1.900000000000091
2019-10-24,1490.5,1501.2,1485.9,1498.9,1498.9,115.0,2019,8.400000000000091
2019-10-23,1486.4,1490.3,1486.4,1489.9,1489.9,67.0,2019,3.5
2019-10-22,1483.4,1483.5,1481.7,1481.7,1481.7,99.0,2019,-1.7000000000000457
2019-10-21,1489.9,1489.9,1481.5,1482.4,1482.4,72.0,2019,-7.5
2019-10-18,1487.3,1489.1,1486.6,1488.2,1488.2,82.0,2019,0.900000000000091
2019-10-17,1486.2,1493.2,1485.8,1492.3,1492.3,271.0,2019,6.099999999999909
2019-10-16,1482.0,1488.0,1480.0,1488.0,1488.0,383.0,2019,6.0
2019-10-15,1488.9,1495.4,1476.6,1477.6,1477.6,367.0,2019,-11.300000000000182
2019-10-14,1484.4,1493.5,1481.3,1491.7,1491.7,400.0,2019,7.299999999999954
2019-10-11,1491.9,1494.9,1476.9,1482.7,1482.7,57.0,2019,-9.200000000000044
2019-10-10,1511.2,1511.2,1490.6,1494.8,1494.8,78.0,2019,-16.40000000000009
2019-10-09,1507.7,1507.7,1498.4,1506.1,1506.1,120.0,2019,-1.6000000000001364
2019-10-08,1489.4,1506.3,1489.3,1497.2,1497.2,46.0,2019,7.799999999999954
2019-10-07,1504.8,1505.8,1489.1,1497.7,1497.7,121.0,2019,-7.099999999999909
2019-10-04,1505.6,1508.7,1497.1,1506.2,1506.2,233.0,2019,0.6000000000001364
2019-10-03,1497.4,1518.2,1496.6,1507.1,1507.1,1213.0,2019,9.699999999999818
2019-10-02,1476.6,1503.7,1474.1,1501.0,1501.0,205.0,2019,24.40000000000009
2019-10-01,1468.7,1485.5,1458.3,1482.0,1482.0,219.0,2019,13.299999999999956
2019-09-30,1495.9,1495.9,1463.5,1465.7,1465.7,1078.0,2019,-30.200000000000045
2019-09-27,1504.2,1506.1,1485.6,1499.1,1499.1,7827.0,2019,-5.100000000000136
2019-09-26,1507.5,1507.5,1507.5,1507.5,1507.5,8178.0,2019,0.0
2019-09-25,1527.6,1527.9,1504.6,1504.6,1504.6,25.0,2019,-23.0
2019-09-24,1515.1,1533.0,1515.1,1532.1,1532.1,25.0,2019,17.0
2019-09-23,1515.5,1523.7,1515.5,1523.7,1523.7,5.0,2019,8.200000000000045
2019-09-20,1503.0,1507.3,1503.0,1507.3,1507.3,2.0,2019,4.2999999999999545
2019-09-19,1496.1,1502.4,1496.1,1498.4,1498.4,10.0,2019,2.300000000000182
2019-09-18,1508.9,1509.4,1489.3,1507.5,1507.5,8.0,2019,-1.400000000000091
2019-09-17,1497.9,1505.1,1497.9,1505.1,1505.1,3.0,2019,7.199999999999818
2019-09-16,1506.6,1506.8,1496.9,1503.1,1503.1,21.0,2019,-3.5
2019-09-13,1490.9,1490.9,1486.9,1490.9,1490.9,1.0,2019,0.0
2019-09-12,1499.5,1515.4,1498.7,1498.7,1498.7,27.0,2019,-0.7999999999999545
2019-09-11,1491.7,1496.6,1490.2,1494.4,1494.4,8.0,2019,2.700000000000045
2019-09-10,1498.5,1498.5,1486.9,1490.3,1490.3,23.0,2019,-8.200000000000045
2019-09-09,1509.0,1513.0,1498.0,1502.2,1502.2,69.0,2019,-6.7999999999999545
2019-09-06,1517.3,1526.0,1504.5,1506.2,1506.2,54.0,2019,-11.099999999999907
2019-09-05,1551.0,1551.1,1511.1,1515.4,1515.4,125.0,2019,-35.59999999999991
2019-09-04,1549.0,1553.2,1534.8,1550.3,1550.3,46.0,2019,1.2999999999999543
2019-09-03,1522.9,1547.3,1521.0,1545.9,1545.9,139.0,2019,23.0
2019-08-30,1524.6,1530.4,1516.7,1519.1,1519.1,276.0,2019,-5.5
2019-08-29,1537.5,1549.3,1519.6,1526.5,1526.5,704.0,2019,-11.0
2019-08-28,1538.1,1538.1,1537.8,1537.8,1537.8,2756.0,2019,-0.2999999999999545
2019-08-27,1530.5,1542.1,1528.5,1541.0,1541.0,166.0,2019,10.5
2019-08-26,1543.2,1543.3,1524.3,1526.3,1526.3,334.0,2019,-16.90000000000009
2019-08-23,1493.5,1527.6,1493.5,1526.6,1526.6,983.0,2019,33.09999999999991
2019-08-22,1495.1,1497.3,1493.8,1497.3,1497.3,686.0,2019,2.200000000000045
2019-08-21,1504.9,1505.0,1498.8,1504.6,1504.6,350.0,2019,-0.3000000000001819
2019-08-20,1497.5,1506.1,1497.5,1504.6,1504.6,486.0,2019,7.099999999999909
2019-08-19,1507.2,1507.6,1492.9,1500.4,1500.4,205.0,2019,-6.7999999999999545
2019-08-16,1524.6,1524.6,1504.7,1512.5,1512.5,1815.0,2019,-12.099999999999907
2019-08-15,1519.8,1522.7,1510.6,1519.6,1519.6,87.0,2019,-0.2000000000000454
2019-08-14,1500.0,1520.5,1497.0,1515.9,1515.9,328.0,2019,15.900000000000093
2019-08-13,1510.4,1531.4,1483.7,1502.2,1502.2,672.0,2019,-8.200000000000045
2019-08-12,1496.0,1514.9,1488.1,1505.3,1505.3,257.0,2019,9.299999999999956
2019-08-09,1506.2,1507.5,1495.6,1496.6,1496.6,74.0,2019,-9.600000000000136
2019-08-08,1498.4,1508.5,1492.0,1497.7,1497.7,367.0,2019,-0.7000000000000455
2019-08-07,1473.5,1509.9,1473.2,1507.3,1507.3,824.0,2019,33.799999999999955
2019-08-06,1469.7,1475.0,1457.7,1472.4,1472.4,460.0,2019,2.700000000000045
2019-08-05,1440.4,1469.7,1440.4,1464.6,1464.6,1008.0,2019,24.199999999999815
2019-08-02,1448.0,1448.0,1432.3,1445.6,1445.6,1873.0,2019,-2.400000000000091
2019-08-01,1411.3,1445.2,1400.9,1420.9,1420.9,2431.0,2019,9.600000000000136
2019-07-31,1431.3,1435.8,1411.2,1426.1,1426.1,3294.0,2019,-5.2000000000000455
2019-07-30,1426.3,1433.9,1422.1,1429.7,1429.7,73874.0,2019,3.400000000000091
2019-07-29,1419.6,1419.6,1419.6,1419.6,1419.6,224267.0,2019,0.0
2019-07-26,1422.8,1423.0,1418.5,1418.5,1418.5,5.0,2019,-4.2999999999999545
2019-07-25,1413.9,1413.9,1413.9,1413.9,1413.9,4.0,2019,0.0
2019-07-24,1422.8,1422.8,1422.8,1422.8,1422.8,20.0,2019,0.0
2019-07-23,1418.6,1421.3,1416.3,1420.1,1420.1,5.0,2019,1.5
2019-07-22,1425.3,1425.3,1424.0,1425.3,1425.3,1.0,2019,0.0
2019-07-19,1440.5,1442.0,1425.1,1425.1,1425.1,22.0,2019,-15.400000000000093
2019-07-18,1422.3,1444.2,1419.5,1426.1,1426.1,66.0,2019,3.7999999999999545
2019-07-17,1404.6,1421.3,1404.6,1421.3,1421.3,6.0,2019,16.700000000000045
2019-07-16,1413.6,1413.7,1405.0,1409.2,1409.2,13.0,2019,-4.399999999999864
2019-07-15,1414.4,1415.0,1411.4,1411.4,1411.4,25.0,2019,-3.0
2019-07-12,1405.6,1410.1,1405.6,1409.9,1409.9,8.0,2019,4.300000000000182
2019-07-11,1424.0,1424.0,1404.3,1404.3,1404.3,6.0,2019,-19.700000000000045
2019-07-10,1409.9,1410.1,1409.9,1410.1,1410.1,50.0,2019,0.1999999999998181
2019-07-09,1394.5,1397.5,1386.2,1397.5,1397.5,53.0,2019,3.0
2019-07-08,1395.9,1397.0,1393.6,1397.0,1397.0,14.0,2019,1.099999999999909
2019-07-05,1418.3,1418.3,1390.2,1396.7,1396.7,20.0,2019,-21.59999999999991
2019-07-03,1431.0,1434.0,1413.1,1417.7,1417.7,46.0,2019,-13.299999999999956
2019-07-02,1391.1,1418.4,1390.8,1404.6,1404.6,38.0,2019,13.5
2019-07-01,1386.6,1395.8,1382.8,1385.6,1385.6,214.0,2019,-1.0
2019-06-28,1408.3,1422.0,1408.3,1409.7,1409.7,356.0,2019,1.400000000000091
2019-06-27,1407.0,1410.8,1399.8,1408.4,1408.4,437.0,2019,1.400000000000091
2019-06-26,1407.2,1413.3,1405.8,1411.6,1411.6,1333.0,2019,4.399999999999864
2019-06-25,1418.1,1433.3,1414.9,1414.9,1414.9,105.0,2019,-3.199999999999818
2019-06-24,1406.0,1420.6,1402.1,1414.3,1414.3,125.0,2019,8.299999999999955
2019-06-21,1406.0,1406.0,1390.3,1396.2,1396.2,35.0,2019,-9.799999999999956
2019-06-20,1381.5,1392.9,1379.5,1392.9,1392.9,76.0,2019,11.400000000000093
2019-06-19,1344.0,1344.6,1344.0,1344.6,1344.6,129.0,2019,0.599999999999909
2019-06-18,1349.3,1349.3,1341.6,1346.6,1346.6,29.0,2019,-2.700000000000045
2019-06-17,1339.0,1340.3,1335.0,1338.7,1338.7,76.0,2019,-0.2999999999999545
2019-06-14,1345.4,1355.4,1339.3,1340.1,1340.1,914.0,2019,-5.300000000000182
2019-06-13,1331.6,1341.1,1331.6,1339.2,1339.2,157.0,2019,7.600000000000136
2019-06-12,1326.9,1334.5,1326.9,1331.9,1331.9,139.0,2019,5.0
2019-06-11,1328.4,1328.4,1319.1,1326.4,1326.4,201.0,2019,-2.0
2019-06-10,1335.8,1336.5,1324.1,1324.7,1324.7,268.0,2019,-11.099999999999907
2019-06-07,1333.1,1347.7,1329.8,1341.2,1341.2,240.0,2019,8.100000000000136
2019-06-06,1330.8,1338.7,1326.2,1337.6,1337.6,161.0,2019,6.7999999999999545
2019-06-05,1328.9,1343.3,1326.3,1328.3,1328.3,622.0,2019,-0.6000000000001364
2019-06-04,1324.3,1328.6,1320.8,1323.4,1323.4,302.0,2019,-0.8999999999998636
2019-06-03,1307.0,1327.8,1307.0,1322.7,1322.7,812.0,2019,15.700000000000044
2019-05-31,1287.7,1306.4,1287.5,1305.8,1305.8,2814.0,2019,18.09999999999991
2019-05-30,1279.4,1288.3,1273.9,1287.1,1287.1,55573.0,2019,7.699999999999818
2019-05-29,1280.6,1280.6,1280.6,1280.6,1280.6,189694.0,2019,0.0
2019-05-28,1276.5,1276.5,1276.5,1276.5,1276.5,,2019,0.0
2019-05-24,1283.0,1283.0,1283.0,1283.0,1283.0,9.0,2019,0.0
2019-05-23,1284.8,1284.8,1284.8,1284.8,1284.8,,2019,0.0
2019-05-22,1273.6,1273.6,1273.6,1273.6,1273.6,,2019,0.0
2019-05-21,1272.0,1272.0,1272.0,1272.0,1272.0,,2019,0.0
2019-05-20,1276.1,1276.1,1276.1,1276.1,1276.1,20.0,2019,0.0
2019-05-17,1280.0,1280.0,1274.5,1274.5,1274.5,1.0,2019,-5.5
2019-05-16,1285.2,1285.4,1285.0,1285.0,1285.0,3.0,2019,-0.2000000000000454
2019-05-15,1296.9,1296.9,1296.0,1296.3,1296.3,55.0,2019,-0.6000000000001364
2019-05-14,1297.8,1297.8,1294.7,1294.7,1294.7,6.0,2019,-3.099999999999909
2019-05-13,1286.7,1300.1,1281.8,1300.1,1300.1,56.0,2019,13.399999999999864
2019-05-10,1285.4,1286.5,1283.3,1285.7,1285.7,6.0,2019,0.2999999999999545
2019-05-09,1278.9,1285.0,1278.8,1283.5,1283.5,38.0,2019,4.599999999999909
2019-05-08,1279.4,1279.4,1279.4,1279.4,1279.4,5.0,2019,0.0
2019-05-07,1280.5,1283.5,1280.5,1283.5,1283.5,8.0,2019,3.0
2019-05-06,1282.2,1282.2,1280.3,1281.7,1281.7,12.0,2019,-0.5
2019-05-03,1270.1,1279.2,1270.1,1279.2,1279.2,15.0,2019,9.100000000000136
2019-05-02,1269.2,1270.8,1266.6,1269.7,1269.7,63.0,2019,0.5
2019-05-01,1278.7,1283.3,1278.7,1281.4,1281.4,70.0,2019,2.700000000000045
2019-04-30,1281.7,1283.3,1280.8,1282.8,1282.8,114.0,2019,1.099999999999909
2019-04-29,1284.8,1284.9,1277.1,1278.6,1278.6,568.0,2019,-6.2000000000000455
2019-04-26,1284.9,1284.9,1284.9,1284.9,1284.9,804.0,2019,0.0
2019-04-25,1280.6,1280.8,1275.8,1275.8,1275.8,95.0,2019,-4.7999999999999545
2019-04-24,1268.4,1275.5,1267.8,1275.5,1275.5,518.0,2019,7.099999999999909
2019-04-23,1266.4,1269.8,1266.0,1269.3,1269.3,206.0,2019,2.899999999999864
2019-04-22,1273.5,1273.5,1273.5,1273.5,1273.5,147.0,2019,0.0
2019-04-18,1270.8,1273.6,1270.1,1271.9,1271.9,27.0,2019,1.1000000000001364
2019-04-17,1273.5,1273.5,1271.6,1272.2,1272.2,308.0,2019,-1.2999999999999543
2019-04-16,1285.2,1285.2,1272.2,1272.6,1272.6,643.0,2019,-12.600000000000136
2019-04-15,1284.8,1287.3,1282.3,1286.8,1286.8,523.0,2019,2.0
2019-04-12,1293.4,1293.4,1289.2,1290.6,1290.6,607.0,2019,-2.800000000000182
2019-04-11,1307.0,1307.1,1288.6,1288.6,1288.6,420.0,2019,-18.40000000000009
2019-04-10,1304.0,1309.1,1301.5,1309.1,1309.1,66.0,2019,5.099999999999909
2019-04-09,1298.5,1304.9,1298.5,1303.5,1303.5,30.0,2019,5.0
2019-04-08,1292.2,1302.1,1291.8,1297.1,1297.1,63.0,2019,4.899999999999864
2019-04-05,1292.0,1292.0,1283.6,1290.4,1290.4,181.0,2019,-1.599999999999909
2019-04-04,1290.6,1292.6,1279.5,1289.0,1289.0,269.0,2019,-1.599999999999909
2019-04-03,1291.4,1293.1,1287.5,1289.9,1289.9,172.0,2019,-1.5
2019-04-02,1286.3,1290.9,1284.5,1290.0,1290.0,525.0,2019,3.7000000000000455
2019-04-01,1291.8,1295.9,1285.7,1288.4,1288.4,675.0,2019,-3.399999999999864
2019-03-29,1289.6,1298.5,1286.1,1293.0,1293.0,1265.0,2019,3.400000000000091
2019-03-28,1308.4,1311.1,1287.7,1289.8,1289.8,87798.0,2019,-18.600000000000136
2019-03-27,1309.9,1309.9,1309.9,1309.9,1309.9,206263.0,2019,0.0
2019-03-26,1315.6,1315.6,1314.3,1314.3,1314.3,1.0,2019,-1.2999999999999543
2019-03-25,1320.7,1322.9,1320.7,1321.9,1321.9,19.0,2019,1.2000000000000457
2019-03-22,1311.6,1311.6,1311.6,1311.6,1311.6,,2019,0.0
2019-03-21,1306.1,1306.1,1306.1,1306.1,1306.1,,2019,0.0
2019-03-20,1300.7,1300.7,1300.5,1300.5,1300.5,2.0,2019,-0.2000000000000454
2019-03-19,1306.9,1306.9,1304.8,1305.0,1305.0,20.0,2019,-1.900000000000091
2019-03-18,1297.3,1302.2,1297.3,1300.3,1300.3,8.0,2019,3.0
2019-03-15,1300.9,1304.7,1300.5,1301.8,1301.8,26.0,2019,0.8999999999998636
2019-03-14,1293.4,1293.4,1293.4,1293.4,1293.4,1.0,2019,0.0
2019-03-13,1307.5,1307.5,1307.5,1307.5,1307.5,,2019,0.0
2019-03-12,1294.7,1296.3,1294.7,1296.3,1296.3,1.0,2019,1.599999999999909
2019-03-11,1291.0,1291.0,1288.8,1288.8,1288.8,9.0,2019,-2.200000000000045
2019-03-08,1292.1,1297.4,1291.6,1297.0,1297.0,10.0,2019,4.900000000000091
2019-03-07,1281.0,1284.6,1281.0,1283.8,1283.8,11.0,2019,2.7999999999999545
2019-03-06,1287.1,1287.1,1282.6,1284.9,1284.9,14.0,2019,-2.199999999999818
2019-03-05,1287.0,1287.0,1282.0,1282.0,1282.0,114.0,2019,-5.0
2019-03-04,1285.5,1287.0,1281.9,1284.8,1284.8,28.0,2019,-0.7000000000000455
2019-03-01,1312.2,1312.2,1288.9,1296.4,1296.4,110.0,2019,-15.799999999999956
2019-02-28,1321.1,1323.7,1311.5,1312.8,1312.8,141.0,2019,-8.299999999999955
2019-02-27,1327.7,1327.9,1316.5,1317.7,1317.7,604.0,2019,-10.0
2019-02-26,1323.3,1325.5,1323.3,1325.1,1325.1,939.0,2019,1.7999999999999543
2019-02-25,1329.2,1331.6,1325.6,1325.9,1325.9,185.0,2019,-3.2999999999999545
2019-02-22,1324.2,1331.3,1321.0,1329.2,1329.2,718.0,2019,5.0
2019-02-21,1331.3,1334.9,1320.9,1323.5,1323.5,414.0,2019,-7.799999999999954
2019-02-20,1342.2,1344.0,1338.0,1343.3,1343.3,581.0,2019,1.099999999999909
2019-02-19,1320.9,1340.1,1320.5,1340.1,1340.1,390.0,2019,19.199999999999815
2019-02-15,1313.6,1318.8,1313.6,1318.1,1318.1,190.0,2019,4.5
2019-02-14,1305.0,1311.8,1301.6,1309.8,1309.8,858.0,2019,4.7999999999999545
2019-02-13,1311.6,1316.0,1308.1,1310.8,1310.8,143.0,2019,-0.7999999999999545
2019-02-12,1310.0,1312.0,1307.6,1309.2,1309.2,109.0,2019,-0.7999999999999545
2019-02-11,1313.4,1313.4,1304.7,1307.0,1307.0,119.0,2019,-6.400000000000091
2019-02-08,1309.5,1314.0,1307.8,1313.7,1313.7,122.0,2019,4.2000000000000455
2019-02-07,1302.9,1310.4,1302.2,1309.4,1309.4,203.0,2019,6.5
2019-02-06,1312.5,1313.5,1305.0,1309.5,1309.5,358.0,2019,-3.0
2019-02-05,1311.1,1315.1,1311.0,1314.2,1314.2,362.0,2019,3.1000000000001364
2019-02-04,1318.1,1318.1,1308.3,1314.3,1314.3,675.0,2019,-3.7999999999999545
2019-02-01,1320.3,1320.7,1315.4,1316.9,1316.9,878.0,2019,-3.399999999999864
2019-01-31,1320.0,1325.4,1316.7,1319.7,1319.7,1970.0,2019,-0.2999999999999545
2019-01-30,1310.4,1323.4,1308.1,1309.9,1309.9,54958.0,2019,-0.5
2019-01-29,1308.2,1308.2,1308.2,1308.2,1308.2,213607.0,2019,0.0
2019-01-28,1300.8,1307.1,1298.4,1302.4,1302.4,54.0,2019,1.6000000000001364
2019-01-25,1297.4,1297.4,1297.4,1297.4,1297.4,,2019,0.0
2019-01-24,1279.1,1279.1,1278.5,1279.1,1279.1,1.0,2019,0.0
2019-01-23,1281.7,1283.9,1278.7,1283.1,1283.1,14.0,2019,1.3999999999998636
2019-01-22,1282.5,1283.3,1282.5,1282.5,1282.5,7.0,2019,0.0
2019-01-18,1281.3,1281.3,1281.3,1281.3,1281.3,3.0,2019,0.0
2019-01-17,1291.6,1292.7,1288.5,1291.0,1291.0,10.0,2019,-0.599999999999909
2019-01-16,1291.6,1291.6,1291.6,1291.6,1291.6,2.0,2019,0.0
2019-01-15,1290.1,1292.7,1286.2,1286.2,1286.2,3.0,2019,-3.899999999999864
2019-01-14,1292.4,1293.9,1289.1,1289.1,1289.1,7.0,2019,-3.300000000000182
2019-01-11,1291.2,1291.2,1286.3,1287.1,1287.1,11.0,2019,-4.100000000000136
2019-01-10,1284.7,1284.7,1284.7,1284.7,1284.7,,2019,0.0
2019-01-09,1279.4,1289.3,1279.2,1289.3,1289.3,102.0,2019,9.899999999999864
2019-01-08,1280.5,1283.2,1278.2,1283.2,1283.2,54.0,2019,2.700000000000045
2019-01-07,1286.8,1286.8,1286.6,1286.8,1286.8,2.0,2019,0.0
2019-01-04,1294.2,1294.2,1275.3,1282.7,1282.7,34.0,2019,-11.5
2019-01-03,1286.8,1292.0,1286.7,1291.8,1291.8,10.0,2019,5.0
2019-01-02,1286.0,1286.0,1277.6,1281.0,1281.0,149.0,2019,-5.0
2018-12-31,1278.0,1281.3,1277.6,1278.3,1278.3,19.0,2018,0.2999999999999545
2018-12-28,1273.5,1280.1,1273.5,1279.9,1279.9,805.0,2018,6.400000000000091
2018-12-27,1276.7,1277.3,1276.7,1277.3,1277.3,480.0,2018,0.599999999999909
2018-12-26,1269.3,1277.4,1269.2,1269.2,1269.2,63.0,2018,-0.099999999999909
2018-12-24,1260.3,1268.5,1260.3,1267.5,1267.5,27.0,2018,7.2000000000000455
2018-12-21,1260.3,1261.3,1253.8,1253.8,1253.8,96.0,2018,-6.5
2018-12-20,1243.2,1263.6,1243.2,1263.6,1263.6,49.0,2018,20.399999999999864
2018-12-19,1255.8,1255.8,1252.1,1252.1,1252.1,268.0,2018,-3.7000000000000455
2018-12-18,1248.2,1249.2,1245.6,1249.2,1249.2,31.0,2018,1.0
2018-12-17,1239.3,1247.4,1239.3,1247.4,1247.4,10.0,2018,8.100000000000136
2018-12-14,1241.7,1241.7,1234.1,1237.0,1237.0,33.0,2018,-4.7000000000000455
2018-12-13,1243.5,1243.5,1241.0,1242.7,1242.7,194.0,2018,-0.7999999999999545
2018-12-12,1245.3,1245.6,1244.1,1244.4,1244.4,84.0,2018,-0.8999999999998636
2018-12-11,1245.8,1248.7,1241.5,1241.9,1241.9,117.0,2018,-3.899999999999864
2018-12-10,1249.6,1249.6,1241.7,1243.7,1243.7,131.0,2018,-5.899999999999864
2018-12-07,1238.3,1249.8,1237.6,1246.8,1246.8,211.0,2018,8.5
2018-12-06,1237.5,1244.4,1234.8,1238.1,1238.1,434.0,2018,0.599999999999909
2018-12-04,1231.0,1241.4,1230.4,1241.1,1241.1,474.0,2018,10.099999999999907
2018-12-03,1222.5,1234.1,1221.3,1233.9,1233.9,751.0,2018,11.400000000000093
2018-11-30,1224.1,1225.0,1216.1,1220.2,1220.2,2060.0,2018,-3.899999999999864
2018-11-29,1221.0,1228.7,1220.5,1224.1,1224.1,55478.0,2018,3.099999999999909
2018-11-28,1211.5,1221.4,1211.5,1221.4,1221.4,247168.0,2018,9.900000000000093
2018-11-27,1221.9,1222.0,1211.2,1211.2,1211.2,5.0,2018,-10.700000000000044
2018-11-26,1220.2,1222.0,1220.2,1220.2,1220.2,2.0,2018,0.0
2018-11-23,1224.8,1224.8,1221.0,1221.0,1221.0,1.0,2018,-3.7999999999999545
2018-11-21,1225.8,1225.8,1225.8,1225.8,1225.8,,2018,0.0
2018-11-20,1225.3,1228.8,1219.0,1219.0,1219.0,12.0,2018,-6.2999999999999545
2018-11-19,1223.1,1223.1,1223.1,1223.1,1223.1,,2018,0.0
2018-11-16,1216.7,1223.8,1216.7,1220.8,1220.8,5.0,2018,4.099999999999909
2018-11-15,1212.8,1212.8,1212.8,1212.8,1212.8,,2018,0.0
2018-11-14,1207.9,1207.9,1207.9,1207.9,1207.9,,2018,0.0
2018-11-13,1196.3,1201.3,1196.3,1199.2,1199.2,5.0,2018,2.900000000000091
2018-11-12,1201.6,1201.6,1201.3,1201.3,1201.3,1.0,2018,-0.2999999999999545
2018-11-09,1207.9,1207.9,1206.4,1206.4,1206.4,14.0,2018,-1.5
2018-11-08,1222.9,1222.9,1222.9,1222.9,1222.9,2.0,2018,0.0
2018-11-07,1228.6,1228.6,1226.2,1226.2,1226.2,1.0,2018,-2.399999999999864
2018-11-06,1230.7,1233.8,1223.8,1223.8,1223.8,4.0,2018,-6.900000000000091
2018-11-05,1230.6,1231.5,1226.7,1229.8,1229.8,15.0,2018,-0.7999999999999545
2018-11-02,1233.3,1233.3,1230.9,1230.9,1230.9,18.0,2018,-2.399999999999864
2018-11-01,1215.4,1236.0,1215.4,1236.0,1236.0,14.0,2018,20.59999999999991
2018-10-31,1216.0,1216.6,1212.0,1212.3,1212.3,121.0,2018,-3.7000000000000455
2018-10-30,1227.7,1227.7,1219.8,1222.6,1222.6,72.0,2018,-5.100000000000136
2018-10-29,1224.5,1224.5,1224.5,1224.5,1224.5,214.0,2018,0.0
2018-10-26,1234.3,1234.8,1232.5,1232.5,1232.5,20.0,2018,-1.7999999999999543
2018-10-25,1238.6,1238.6,1229.1,1229.1,1229.1,7.0,2018,-9.5
2018-10-24,1231.6,1231.6,1227.8,1227.8,1227.8,36.0,2018,-3.7999999999999545
2018-10-23,1224.8,1237.8,1224.8,1233.4,1233.4,33.0,2018,8.600000000000136
2018-10-22,1224.5,1224.5,1219.6,1221.2,1221.2,18.0,2018,-3.2999999999999545
2018-10-19,1225.3,1225.3,1225.3,1225.3,1225.3,55.0,2018,0.0
2018-10-18,1226.5,1226.5,1226.5,1226.5,1226.5,165.0,2018,0.0
2018-10-17,1225.9,1225.9,1223.7,1223.7,1223.7,1.0,2018,-2.200000000000045
2018-10-16,1227.1,1230.5,1227.1,1227.3,1227.3,426.0,2018,0.2000000000000454
2018-10-15,1222.4,1232.3,1222.4,1226.4,1226.4,136.0,2018,4.0
2018-10-12,1221.6,1221.6,1216.0,1218.1,1218.1,122.0,2018,-3.5
2018-10-11,1198.1,1224.6,1196.3,1223.5,1223.5,126.0,2018,25.40000000000009
2018-10-10,1189.3,1192.0,1189.3,1189.3,1189.3,1078.0,2018,0.0
2018-10-09,1185.6,1189.1,1185.6,1187.2,1187.2,9.0,2018,1.6000000000001364
2018-10-08,1201.0,1201.0,1183.7,1184.4,1184.4,250.0,2018,-16.59999999999991
2018-10-05,1197.1,1205.3,1196.9,1201.2,1201.2,34.0,2018,4.100000000000136
2018-10-04,1199.3,1204.6,1197.2,1197.2,1197.2,496.0,2018,-2.099999999999909
2018-10-03,1202.6,1202.6,1196.6,1198.3,1198.3,76.0,2018,-4.2999999999999545
2018-10-02,1193.0,1206.0,1190.3,1202.4,1202.4,451.0,2018,9.400000000000093
2018-10-01,1191.6,1191.6,1185.8,1187.1,1187.1,180.0,2018,-4.5
2018-09-28,1181.7,1191.9,1180.0,1191.5,1191.5,404.0,2018,9.799999999999956
2018-09-27,1194.6,1197.3,1180.5,1182.3,1182.3,4947.0,2018,-12.299999999999956
2018-09-26,1194.0,1194.0,1194.0,1194.0,1194.0,17857.0,2018,0.0
2018-09-25,1202.1,1202.8,1200.0,1200.0,1200.0,21.0,2018,-2.099999999999909
2018-09-24,1199.3,1199.3,1199.3,1199.3,1199.3,,2018,0.0
2018-09-21,1196.2,1196.2,1196.2,1196.2,1196.2,,2018,0.0
2018-09-20,1206.2,1206.2,1206.2,1206.2,1206.2,,2018,0.0
2018-09-19,1202.2,1202.2,1202.2,1202.2,1202.2,,2018,0.0
2018-09-18,1198.7,1198.7,1196.8,1196.8,1196.8,2.0,2018,-1.900000000000091
2018-09-17,1199.7,1199.7,1199.7,1199.7,1199.7,,2018,0.0
2018-09-14,1195.0,1195.0,1195.0,1195.0,1195.0,1.0,2018,0.0
2018-09-13,1203.4,1203.4,1200.0,1202.0,1202.0,22.0,2018,-1.400000000000091
2018-09-12,1205.0,1205.0,1204.7,1204.7,1204.7,37.0,2018,-0.2999999999999545
2018-09-11,1190.4,1196.3,1190.4,1195.4,1195.4,21.0,2018,5.0
2018-09-10,1193.0,1193.0,1193.0,1193.0,1193.0,11.0,2018,0.0
2018-09-07,1198.3,1198.3,1193.1,1193.6,1193.6,29.0,2018,-4.7000000000000455
2018-09-06,1202.0,1202.0,1197.9,1197.9,1197.9,7.0,2018,-4.099999999999909
2018-09-05,1192.5,1196.0,1192.5,1194.9,1194.9,21.0,2018,2.400000000000091
2018-09-04,1193.8,1193.8,1189.9,1192.7,1192.7,26.0,2018,-1.099999999999909
2018-08-31,1207.1,1208.2,1199.1,1200.3,1200.3,191.0,2018,-6.7999999999999545
2018-08-30,1205.4,1205.6,1196.0,1197.7,1197.7,493.0,2018,-7.700000000000045
2018-08-29,1205.2,1205.2,1202.4,1204.5,1204.5,817.0,2018,-0.7000000000000455
2018-08-28,1209.7,1217.0,1202.3,1207.4,1207.4,136.0,2018,-2.2999999999999545
2018-08-27,1210.3,1211.4,1205.2,1209.0,1209.0,154.0,2018,-1.2999999999999543
2018-08-24,1185.3,1208.0,1185.3,1206.3,1206.3,12.0,2018,21.0
2018-08-23,1189.3,1190.3,1184.9,1187.0,1187.0,95.0,2018,-2.2999999999999545
2018-08-22,1194.7,1196.3,1194.7,1196.3,1196.3,17.0,2018,1.599999999999909
2018-08-21,1189.8,1192.6,1189.8,1192.6,1192.6,22.0,2018,2.7999999999999545
2018-08-20,1184.8,1190.0,1184.4,1186.8,1186.8,68.0,2018,2.0
2018-08-17,1174.7,1181.2,1174.7,1176.5,1176.5,66.0,2018,1.7999999999999543
2018-08-16,1173.2,1180.2,1161.4,1176.2,1176.2,123.0,2018,3.0
2018-08-15,1187.8,1188.1,1174.6,1177.5,1177.5,71.0,2018,-10.299999999999956
2018-08-14,1193.1,1197.5,1192.8,1193.0,1193.0,92.0,2018,-0.099999999999909
2018-08-13,1207.0,1207.4,1191.3,1191.3,1191.3,78.0,2018,-15.700000000000044
2018-08-10,1212.5,1216.4,1205.6,1211.1,1211.1,75.0,2018,-1.400000000000091
2018-08-09,1214.5,1215.3,1211.6,1211.9,1211.9,44.0,2018,-2.599999999999909
2018-08-08,1212.0,1215.2,1205.9,1212.6,1212.6,209.0,2018,0.599999999999909
2018-08-07,1207.8,1214.8,1207.8,1209.6,1209.6,715.0,2018,1.7999999999999543
2018-08-06,1214.4,1214.4,1206.6,1208.6,1208.6,297.0,2018,-5.800000000000182
2018-08-03,1206.5,1218.6,1205.1,1214.2,1214.2,784.0,2018,7.700000000000045
2018-08-02,1214.7,1219.3,1205.8,1210.6,1210.6,411.0,2018,-4.100000000000136
2018-08-01,1222.9,1223.7,1214.4,1217.9,1217.9,1026.0,2018,-5.0
2018-07-31,1220.4,1228.1,1213.0,1223.7,1223.7,2722.0,2018,3.2999999999999545
2018-07-30,1222.5,1223.9,1218.1,1221.3,1221.3,62239.0,2018,-1.2000000000000457
2018-07-27,1222.6,1222.6,1222.6,1222.6,1222.6,254428.0,2018,0.0
2018-07-26,1227.8,1227.8,1225.3,1225.3,1225.3,1.0,2018,-2.5
2018-07-25,1231.4,1231.4,1231.4,1231.4,1231.4,,2018,0.0
2018-07-24,1223.9,1223.9,1223.9,1223.9,1223.9,,2018,0.0
2018-07-23,1222.0,1224.0,1222.0,1224.0,1224.0,1.0,2018,2.0
2018-07-20,1229.5,1229.5,1229.5,1229.5,1229.5,,2018,0.0
2018-07-19,1227.2,1228.0,1211.7,1222.4,1222.4,33.0,2018,-4.7999999999999545
2018-07-18,1226.7,1226.7,1222.2,1226.3,1226.3,67.0,2018,-0.4000000000000909
2018-07-17,1225.7,1225.7,1225.7,1225.7,1225.7,,2018,0.0
2018-07-16,1242.7,1243.8,1238.1,1238.1,1238.1,2.0,2018,-4.600000000000136
2018-07-13,1244.7,1247.0,1239.6,1239.6,1239.6,2.0,2018,-5.100000000000136
2018-07-12,1240.9,1246.7,1240.9,1245.0,1245.0,7.0,2018,4.099999999999909
2018-07-11,1253.2,1253.2,1242.8,1242.8,1242.8,30.0,2018,-10.400000000000093
2018-07-10,1256.2,1256.9,1249.3,1253.8,1253.8,65.0,2018,-2.400000000000091
2018-07-09,1258.2,1262.3,1257.7,1258.1,1258.1,37.0,2018,-0.1000000000001364
2018-07-06,1255.5,1255.5,1254.3,1254.3,1254.3,7.0,2018,-1.2000000000000457
2018-07-05,1255.5,1257.3,1253.6,1257.3,1257.3,9.0,2018,1.7999999999999543
2018-07-03,1238.1,1254.1,1237.0,1251.6,1251.6,36.0,2018,13.5
2018-07-02,1249.9,1249.9,1239.8,1239.8,1239.8,29.0,2018,-10.100000000000136
2018-06-29,1250.3,1253.3,1249.1,1251.3,1251.3,48.0,2018,1.0
2018-06-28,1251.7,1251.7,1244.8,1247.8,1247.8,378.0,2018,-3.900000000000091
2018-06-27,1255.5,1255.5,1252.3,1252.8,1252.8,1162.0,2018,-2.700000000000045
2018-06-26,1267.2,1267.2,1256.6,1256.6,1256.6,89.0,2018,-10.600000000000136
2018-06-25,1270.6,1271.2,1265.6,1265.6,1265.6,37.0,2018,-5.0
2018-06-22,1268.1,1270.2,1267.0,1267.4,1267.4,74.0,2018,-0.6999999999998181
2018-06-21,1262.7,1268.9,1260.0,1267.2,1267.2,46.0,2018,4.5
2018-06-20,1274.4,1274.4,1271.2,1271.2,1271.2,7.0,2018,-3.200000000000045
2018-06-19,1278.7,1281.8,1269.9,1275.6,1275.6,34.0,2018,-3.1000000000001364
2018-06-18,1280.7,1280.7,1276.2,1276.2,1276.2,35.0,2018,-4.5
2018-06-15,1297.2,1307.7,1274.0,1274.6,1274.6,589.0,2018,-22.600000000000136
2018-06-14,1297.2,1307.7,1297.2,1304.0,1304.0,42.0,2018,6.7999999999999545
2018-06-13,1294.0,1299.4,1290.9,1296.9,1296.9,135.0,2018,2.900000000000091
2018-06-12,1297.8,1298.1,1292.7,1295.1,1295.1,153.0,2018,-2.700000000000045
2018-06-11,1299.3,1302.0,1295.2,1298.9,1298.9,71.0,2018,-0.3999999999998636
2018-06-08,1295.3,1299.4,1294.8,1298.1,1298.1,650.0,2018,2.7999999999999545
2018-06-07,1298.4,1302.8,1296.2,1298.7,1298.7,79.0,2018,0.2999999999999545
2018-06-06,1296.1,1300.4,1294.1,1297.1,1297.1,373.0,2018,1.0
2018-06-05,1292.1,1299.8,1289.9,1297.5,1297.5,357.0,2018,5.400000000000091
2018-06-04,1293.9,1297.1,1290.0,1293.1,1293.1,144.0,2018,-0.8000000000001819
2018-06-01,1298.6,1299.5,1288.9,1294.8,1294.8,663.0,2018,-3.7999999999999545
2018-05-31,1301.0,1306.8,1296.6,1300.1,1300.1,4082.0,2018,-0.900000000000091
2018-05-30,1298.0,1303.7,1295.2,1301.5,1301.5,50845.0,2018,3.5
2018-05-29,1298.7,1298.7,1298.7,1298.7,1298.7,386334.0,2018,0.0
2018-05-25,1303.3,1303.3,1303.3,1303.3,1303.3,1.0,2018,0.0
2018-05-24,1303.7,1303.7,1303.7,1303.7,1303.7,,2018,0.0
2018-05-23,1289.3,1289.3,1289.3,1289.3,1289.3,10.0,2018,0.0
2018-05-22,1291.7,1291.7,1291.7,1291.7,1291.7,50.0,2018,0.0
2018-05-21,1287.4,1292.1,1287.4,1290.2,1290.2,52.0,2018,2.7999999999999545
2018-05-18,1285.2,1290.2,1285.2,1290.2,1290.2,2.0,2018,5.0
2018-05-17,1291.3,1291.3,1288.2,1288.2,1288.2,2.0,2018,-3.099999999999909
2018-05-16,1290.9,1294.0,1285.4,1290.2,1290.2,26.0,2018,-0.7000000000000455
2018-05-15,1304.6,1304.7,1288.9,1288.9,1288.9,8.0,2018,-15.699999999999818
2018-05-14,1319.9,1319.9,1316.5,1316.5,1316.5,4.0,2018,-3.400000000000091
2018-05-11,1319.0,1319.0,1319.0,1319.0,1319.0,3.0,2018,0.0
2018-05-10,1312.2,1320.8,1312.2,1320.8,1320.8,8.0,2018,8.599999999999909
2018-05-09,1311.3,1311.3,1311.3,1311.3,1311.3,70.0,2018,0.0
2018-05-08,1310.1,1312.0,1308.5,1312.0,1312.0,337.0,2018,1.900000000000091
2018-05-07,1310.6,1312.5,1310.2,1312.2,1312.2,4.0,2018,1.6000000000001364
2018-05-04,1312.7,1312.7,1312.7,1312.7,1312.7,,2018,0.0
2018-05-03,1310.7,1310.7,1310.7,1310.7,1310.7,4.0,2018,0.0
2018-05-02,1309.0,1309.3,1302.6,1302.6,1302.6,23.0,2018,-6.400000000000091
2018-05-01,1313.2,1313.8,1303.4,1303.8,1303.8,28.0,2018,-9.400000000000093
2018-04-30,1309.6,1316.2,1309.6,1316.2,1316.2,49.0,2018,6.600000000000136
2018-04-27,1315.3,1321.7,1312.8,1320.3,1320.3,622.0,2018,5.0
2018-04-26,1315.7,1316.3,1315.7,1316.3,1316.3,569.0,2018,0.599999999999909
2018-04-25,1324.0,1325.0,1320.0,1321.2,1321.2,278.0,2018,-2.7999999999999545
2018-04-24,1326.4,1331.7,1326.2,1331.4,1331.4,28.0,2018,5.0
2018-04-23,1334.0,1334.4,1322.5,1322.5,1322.5,68.0,2018,-11.5
2018-04-20,1342.5,1343.4,1335.3,1336.7,1336.7,310.0,2018,-5.7999999999999545
2018-04-19,1348.6,1355.2,1341.6,1346.8,1346.8,387.0,2018,-1.7999999999999543
2018-04-18,1343.5,1354.2,1343.5,1351.2,1351.2,45.0,2018,7.700000000000045
2018-04-17,1348.0,1348.1,1339.0,1347.2,1347.2,409.0,2018,-0.7999999999999545
2018-04-16,1341.0,1348.8,1341.0,1347.5,1347.5,60.0,2018,6.5
2018-04-13,1335.9,1346.0,1335.9,1344.8,1344.8,67.0,2018,8.899999999999864
2018-04-12,1351.2,1351.5,1334.6,1338.4,1338.4,34.0,2018,-12.799999999999956
2018-04-11,1340.1,1365.4,1340.1,1356.5,1356.5,118.0,2018,16.40000000000009
2018-04-10,1335.2,1342.0,1333.0,1342.0,1342.0,105.0,2018,6.7999999999999545
2018-04-09,1333.0,1337.5,1327.0,1336.3,1336.3,290.0,2018,3.2999999999999545
2018-04-06,1326.5,1333.0,1319.0,1331.9,1331.9,348.0,2018,5.400000000000091
2018-04-05,1333.5,1333.7,1322.6,1324.3,1324.3,258.0,2018,-9.200000000000044
2018-04-04,1331.8,1347.3,1331.6,1335.8,1335.8,718.0,2018,4.0
2018-04-03,1340.4,1341.5,1328.5,1332.8,1332.8,702.0,2018,-7.600000000000136
2018-04-02,1327.0,1344.2,1324.7,1342.1,1342.1,649.0,2018,15.099999999999907
